timestamp;text
18/10/21 08.28;Kerja kerja kerja halodoc
18/10/21 08.26;@Sundafess_ Aplikasi halodoc
18/10/21 08.18;@demankuat @HalodocID Ga sdg bercanda
18/10/21 08.18;@unkn000wnn @HalodocID Cobain pake halomantan a
18/10/21 08.16;@youuu2240 @HalodocID Test Antigen
18/10/21 08.16;@unkn000wnn @HalodocID konsultasi?
;Anak bisa dilepas alas kakinya di tempat-tempat yang bersih dan aman (spt. di dalam rumah).
18/10/21 08.15;@youuu2240 @HalodocID Masalahnya udah terlanjur bayar
18/10/21 08.14;@unkn000wnn @HalodocID cb pake alodokter
18/10/21 08.12;@HalodocID perbaiki lagi layanannya terutama dalam segi proses ubah jadwal dan komunikasi dengan klinik/laboratoriu‚Ä¶ https://t.co/Yi5jJr2bcJ
0;Gak lagi-lagi aku pake Halodoc
HalodocID;@HalodocID min ini jadwal hari rabu gaada ya setiap klinik
18/10/21 07.47;@michiicimory @sbmptnfess Bayar kak halodoc
NA;mnding konsul di halodoc
18/10/21 07.35;@HalodocID kenapa tidak ada pilihan Gopaylater nya min? Biasanya suka ada.. https://t.co/kC7R7H9EuS
18/10/21 07.31;@HalodocID Please ini aku baru aja kena tipu ini nomornya di tlp balik gabisa üò≠ https://t.co/NKeFfVCLG3
18/10/21 07.15;Bete bgt sama aplikasi Halodoc
18/10/21 07.09;@sbmptnfess Pake halodoc nder tapi konsulnya lewat chat
18/10/21 07.08;gila halodoc bener-bener penyelamat gue yaAllah nangis bgttttt
ngalamfess;@ngalamfess konsul di halodoc
ohmybeautybank;@ohmybeautybank sepertinya lebih baik konsultasi ke dokter kulit langsung deh kak
;‚ñ†ÁôªÈå≤ÊñπÊ≥ï„ÄÅÂïèÂêà„ÅõÂÖà
0;Segera daftar ya
RendyAWicaksono;Awalnya aku konsul di halodoc dan ini jawabannya
#NAME?;
18/10/21 05.07;@healthy_fess chat lewat halodoc.. ke dokter syaraf.. gih!!!
18/10/21 05.05;@kuramaxglorya @worksfess nulis di halodoc gmna kak caranya
;HALODOC„Åô„Åî„ÅÑÔº†„Éê„É™Â≥∂
18/10/21 04.55;untuk konsultasi dokter psikolog di halodoc itu brp ya dan per berapa menit? ada saran juga dokter mana yg bagus? tanyarl thanks before
NA;Ada yg tau gak kalo mau konsul psikolog di halodoc
18/10/21 04.42;@cumanebula @FOOD_FESS pake halodoc
sbyfess;@sbyfess tanya ke halodoc / alodokter aja gratis dan jelas dokter
18/10/21 04.17;@worksfess Dulu pernah nulis buat printera sama halodoc segituan. Tp ga nyatu sama beta reader
sbyfess;@sbyfess tanya halodoc coba nder
18/10/21 04.09;pernah pake halodoc ga?
;@GoldenLeggo @kochengfess kucing liar ya :(((
18/10/21 03.21;@udinbikul lah lo pikir twt halodocüò≠üôè
0;@Fitriona3 @infomalang Coba ke RSJ lawang
;Fyi gue ngekost sama adek gue
;Karena gue low budget
18/10/21 02.27;@skincarefess Konsul sama Spkk halodoc. Nnti dikasih obat drpd coba ini itu
0;@ZOO_FESS kalo ke vet pasti suggestion nya diranap. mending cek halodoc aja nder
0;@3Triyana @Askrlfess Better ke dokter
ohmybeautybank;@ohmybeautybank nder pake tretinoin trust me
gloomyjungle;@gloomyjungle onlen aja
18/10/21 01.25;pengin konsul halodoc deh dah cape :(
18/10/21 01.20;Halo kak @me_gan_fox terima kasih sudah menghubungi Halodoc. Untuk hal tersebut kamu bisa cek berkala di akun sosia‚Ä¶ https://t.co/G5eBmd69dl
18/10/21 01.16;@HalodocID ada promo ga min?
18/10/21 01.12;@skincarefess aku pernah kaya gt trs konsul dokter spkk di halodoc dikasih resep mediklin tr sama obat minum. menur‚Ä¶ https://t.co/294ncz9sJi
0;@skincarefess basic skinker nder banyak minum air
18/10/21 00.44;@HalodocID Oke. Terima kasih.
18/10/21 00.39;Halo kak @aryo_wibi! Kami sebelumnya mohon maaf ketidaknyamanan dan kendala yang kamu alami ya. Boleh dibantu untuk‚Ä¶ https://t.co/NJgbvwQCwD
18/10/21 00.35;@HalodocID apakah saya perlu request resp digital lagi?. Terima kasih.
;@HalodocID nanya dong.
18/10/21 00.30;Ada yg pernah pake halodoc ga???
ssefnum;@ssefnum Dulu aku ada ibu dokter yg kasih tahu cara hitung bb ideal
;Kecewa banget sama halodoc.
17/10/21 23.56;@sbyfess Kimia farma banyurip 85k pake halodoc
NA;scabies deh kayaknya
17/10/21 23.11;gaada halodoc anjing gabisa ngegojek obat batuk
sixthaug;@sixthaug @ohmybeautybank Aku waktu itu buat nyembuhinya berobat ke spkk yg di halodoc
17/10/21 19.08;@bertanyarl Konsul online aja dulu nder via halodoc atau alodokter. Kamu cerita disana. Kalau kamu ga ada temen bisa ketuk dm aku okeii
convomfs;@convomfs halo nder kelinci mu sakit apa
17/10/21 17.58;Halodoc jam segini bisa ngirim obat nyeri gak yaüò©üò©üò©
1;@thumbprintco Coba dicek ajaa duluu
;@VICISSITUED https://t.co/mzxuIs4tAG
17/10/21 16.47;@lamalif24 Iyaaa biasanya bisa nahan. Tapi ini beneran segatel ituüò≠ Halodoc tuh maksudnya pesen obatnya kan? Mahal‚Ä¶ https://t.co/13z9vOxtw2
17/10/21 16.29;@yoishomajime betadine gatau si bagus apa nggak tapi kalo gatel jangan digaruk biasanya ntar kekencengan berdarah (‚Ä¶ https://t.co/SqvaMsCKI1
thinkiNilsky;@thinkiNilsky @ohmybeautybank mjb
17/10/21 16.27;ada yg pernah pake halodoc gaa? mau nanya itu cara pembayaran lewat apa ya??
17/10/21 16.23;@ohmybeautybank buru konsul dulu ke dokter kulit lewat halodoc
17/10/21 15.51;@beauthingy coba tanyak aja nder sama dokter kulit di halodoc. biar lebih terpercaya sayang uangnya beli produk ternyata ga butuh produk itu
Askrlfess;@Askrlfess scabies deh kayaknya
seaoftulips;@diethingy Dibawa santai dietnya
17/10/21 15.27;@hitosins Cr halodoc üëç
yourpetsfess;@yourpetsfess Coba bawa ke vet aja nder? Vet buka nggak sih jam segini? Atau di hangatin dulu badannya
HalodocID;@HalodocID kindly check dm yaa minn
17/10/21 15.12;@yangniceshines iyaa jann üò≠ tp ya butuh waktuu coba buka halodoc deh
;@mebii_twt üò≠ ga tau mbabu
17/10/21 15.01;@jeanath_na @eldghif Kataku mending km hubungin halodoc sih nath
17/10/21 14.58;@ssefnum konsul di halodoc nder
17/10/21 14.35;hbs konsul psikolog halodoc tp kok tgp kurang membantu ya
0;Saat ini aktivitas sdh mulai normal kembali
NA;Ada yg pernah konsul psikolog di halodoc ngga sih? Mau coba deh skali2 buat ngobrol gt
17/10/21 14.16;@ngalamfess Halodoc
;RT @hyggedey: Konsultasi online:
17/10/21 13.54;Berobat kucing di aplikasi Halodoc ga idep gue...
0;Untungnya konsul dulu
;untung vet halodoc yg 10rb ada yg avalaible jam segini TT
NA;psikolog halodoc yg ga judgemental yg mana ya
17/10/21 12.55;Gamau ke halodoc lagi :')
17/10/21 12.50;@bertanyarl coba konsul ke halodoc
17/10/21 12.40;https://t.co/q8HQK5vlkk
0;Nah
NA;Wahai halodoc
17/10/21 12.22;{mu} yang pernah konsul ke dokter spkk di halodoc boleh minta rekomendasi dokter yang enak buat konsul nya gak?? Thx
FALSE;Seharian tidur di kamar
17/10/21 12.12;@convomf aku dapet saran dari halodoc waktu aku konsul kalo gabisa cerita ke siapa siapa coba tulis aja ceritamu di‚Ä¶ https://t.co/9CBCwu9B8E
17/10/21 12.10;/jbrfess/ rek mataku habis kenak sambel pake obat tetes apa rek? Aku mau konsultasi ndek halodoc ga ada g*pay dan aku sendirian dirumah üò≠.
ohmybeautybank;@ohmybeautybank Bagi cerita ya nder
0;@Oli_Kingdom Dibandingkan ngilangin bau badan
;@ZOO_FESS Coba minimal konsultasi ke halodoc yg ada drh ka
;@Askrlfess pake BPJS aja.. tercover kok..
17/10/21 11.04;@definitialy Halodoc bayar ga siiii def?
;MOTM buat bapak gojek
;@ohmybeautybank Ih kok keren ya halodoc pake LRP
ddehuang;@ddehuang @convomf aku ngikutin di website h*lodoc sih yang ngitung siklus terpendek siklus terpanjang gitu-gitu
FALSE;nyari jenis penyakit mental
17/10/21 10.21;@deadlypoison19 @tubirfess halodoc/alodoc ya ka?
NA;Kcg! Ada yg punya kode promo halodoc guys? Buat anabul ku
17/10/21 09.28;Hi! Saya baru saja mendapatkan informasi kesehatan terbaik dari dokter Halodoc! Klik link untuk chat dengan dokter‚Ä¶ https://t.co/4R5YsKQ3GH
17/10/21 09.14;ada yang pernah konsul psikolog di halodoc? boleh nanya nanya?
ohmybeautybank;@ohmybeautybank Aku pernah diresepin LRP juga
;@kochengfess Hati2 ngobatin sendiri
‚Ä¶ https://t.co/ZaAH0FESNV;hmm saya baru saja maen halodoc wkwkw kuis mental health ada cemas
0;@undipmenfess cek halodoc ajaa dulu
HalodocID;@HalodocID ok
kochengfess;@kochengfess Kitten ku pernah gitu nder
FALSE;@18fesss Saran aku misal 3 hari ngga ada perubahan
NA;Barusan konsul di halodoc sm alodoc
17/10/21 07.20;@kochengfess Menurut google barengan sama bayik kucingnya saat udah berumur 3 minggu nder. Coba pastiin lagi ke halodoc atau dokter hewan
17/10/21 06.57;Saat lu adalah remaja tua bangka tapi beraniin diri kuliah keluar pulau.. beuh duit kekeruk konsul halodoc sama obat wkwkw asu
ZOO_FESS;@ZOO_FESS Iya gejala flutd... Pertolongan pertama konsul ke halodoc dulu
1;@y0ourstar Kayaknya di yg online kyk halodoc gitu gratis/murah
yourpetsfess;@yourpetsfess Moeza juga pernah pas ditinggal tiba2 pincang. Aku bawa ke vet trs disuntik
0;RT @kudalapuk: @ZOO_FESS Ya ampun nder
2;@ZOO_FESS Ya ampun nder
0;@anisahutami Ca nimbrung
Nhagyugyu;@Nhagyugyu ya Allah benerrrr
17/10/21 04.46;@bertanyarl Kyknya sih gapapa. Tp lebih pastinya coba tanya dokter nder. Konsul aja di app halodoc gitu
17/10/21 04.43;@y0ourstar Coba di halodoc. Atau kayak platform digital tentang kesehatan gitu.
17/10/21 04.41;halodoc dari tadi error ya :(
17/10/21 04.33;RT @kochengfess: Kcg! Ada yang punya voucher promo buat di halodoc? Aku pengen ngobatin kucingku 2 yang lagi sakit tapi keuangan lagi pas P‚Ä¶
17/10/21 04.32;Kcg! Ada yang punya voucher promo buat di halodoc? Aku pengen ngobatin kucingku 2 yang lagi sakit tapi keuangan lag‚Ä¶ https://t.co/VqUqRSFvfR
yourpetsfess;@yourpetsfess Macem-macem
17/10/21 04.04;@yourpetsfess kan lebih baik dokternya langsung lihat sama ngecek keadaannya. bukan ga rekomenin ke halodoc tapi ku‚Ä¶ https://t.co/Zl9f6JrA6w
yourpetsfess;@yourpetsfess langsung bawa ke vet aja
yourpetsfess;@yourpetsfess 2 kucingku mencri
17/10/21 03.54;@yourpetsfess Menurutku kalo udah gamau makan dan ada gejala tambahan kayak diare/muntah ga cukup cuma konsul ke ha‚Ä¶ https://t.co/euohv1RYRh
17/10/21 03.50;@yourpetsfess Kemarin temenku konsul halodoc sekali nanya 10k nder
NA;Pets! Oh iya dia juga gak nafsu makan dfnya
17/10/21 03.44;@yourpetsfess Halodoc cukup worth it kok. Aku pernah konsul pas kittenku mencret kemarin.
17/10/21 03.40;Pets! Gais pagi kucingku mencret cair banyak airnya daripada feses. Baiknya berobat hari ini atau observasi 24 jam‚Ä¶ https://t.co/MPOeGN85iN
Indra_SWA;@Indra_SWA @e100ss Graha warna warni pangsud
17/10/21 03.27;@whosjaehyurng Na udah coba konsul ke dokter? At least via halodoc gt?
17/10/21 03.24;@ohmybeautybank kalau ada ruamnya bisajadi itu infeksi jamur nderr jd gabisa asal pke salep. coba konsul di halodoc‚Ä¶ https://t.co/UMZQeZ6rJ5
NA;Hese modol kieu euy geus 2 poe
17/10/21 03.00;@Indra_SWA @e100ss Coba install aplikasi halodoc kak. Bisa lihat di sana infonya.
ciaa80913862;@ciaa80913862 @ohmybeautybank aku langsung ke cp RSnya dr mita kak
0;@ZOO_FESS aku pernah kena di sekujur 2 tangan aku
17/10/21 01.40;Disuruh konsul halodoc yang di rumah aja bilangnya udah keburu capek duluan ke vet juga bilangnya tunggu 2 bulab. G‚Ä¶ https://t.co/78XVafPAF2
aylmhrn;@yourpetsfess Harus korbanin waktu
17/10/21 01.38;"@yourpetsfess Ada opsi konsultasi online di halodoc kalo kamu capek dan males kemana"". Era teknologi ga usah dibiki‚Ä¶ https://t.co/Gwcx3zc0e6"
17/10/21 01.36;@HalodocID 76 hari lgi plss minüò≠üò´
17/10/21 01.35;@yourpetsfess kalo emang sekiranya ga sempet buat bawa ke vet coba konsul di alodoc/halodoc dulu. foto muntahannya‚Ä¶ https://t.co/SeLO8lTJei
ireongyogam;@yourpetsfess seengganya halodoc dulu ya nder
;@yourpetsfess 2 bulan lagi smoga kucingmu masih sehat yaa. Gak dehidrasi parah dan udah sembuh.
;@yourpetsfess Kamu sendiri nanya jawaban yg km udah tau.
17/10/21 01.24;@yourpetsfess Konsul halodoc
17/10/21 01.20;@yourpetsfess Kalo emang udah komitmen melihara tu harus siap saat kucingmu lagi ngga sehat nyempetin waktu sebenta‚Ä¶ https://t.co/IUwhUXPRp9
yourpetsfess;@yourpetsfess nder
17/10/21 01.08;@yourpetsfess kamu masih sekolah hari minggu? lagi libur kan sekarang? coba cari klinik sekitaran daerahmu yg buka?‚Ä¶ https://t.co/ZhCd1ZZgXf
17/10/21 01.00;@B0RAHAEB1TCHES huhu thanks ratnaaa. btw mikey suruh download halodoc coba
ohmybeautybank;@ohmybeautybank ih kemarin aku sempet gini
ohmybeautybank;@ohmybeautybank Cystic acne mending ke SPKK aja beb
yourpetsfess;@yourpetsfess bentaran doang nder gak ada setengah jam
yourpetsfess;@yourpetsfess Kamu konsul ke halodoc dulu ya nder
1;@yourpetsfess Kita gk tau penyebab muntahnya apa
17/10/21 00.35;@blankoncoklat https://t.co/SrfAITXxr6
yourpetsfess;@yourpetsfess Kalo kasarnya sih
krumstrang;@yourpetsfess kalo gabisa bawa ke vet coba konsul ke halodoc. tapi mending ke vet
yourpetsfess;@yourpetsfess Ini kan minggu ga sekolah toh?? Ya minimal konsul halodoc deh. Bayar 30rb bisa nanya sepuasnya
0;@yourpetsfess Ini hari minggu nder
;@yourpetsfess Malah main dokter2 an pake flu cat ü•≤ itu juga dah dibahas kandungannya flu cat ga bener ü•≤
yourpetsfess;@yourpetsfess seenggaknya konsul vet via halodoc deh
16/10/21 23.42;@HalodocID wow cepat sekali
;Halodoc penyelamat di pagi hariü•∞
16/10/21 22.56;@yourpetsfess Konsul halodoc aja dulu
sweetyongi;@ohmybeautybank (2). Cek ke dokter aja biar tau persis permasalahan kamu dan segera ditangani
;Jam segini chat sama dokter halodoc~
0;@bertanyarl Aku biasanya minum obat yang buat nyeri sendi ituloh
16/10/21 19.15;Halodoc beli obat tidur dalam bentuk pelukan dong https://t.co/be9fVBDGnU
0;@womanfeeds_id dokter rina ndeerr. enak banget
16/10/21 16.25;Kemaren sakit konsul halodoc kena maksimal 200 udah termasuk biaya konsul dan tebus obat...masih lebih mahal si oli‚Ä¶ https://t.co/R2NKdG73vh
ZOO_FESS;@ZOO_FESS Gimana ya
yourpetsfess;@yourpetsfess kalau saranku tetep dibawa ke vet
;@yourpetsfess Malah mending Konsul di halodoc. Bisa chat langsung dokter nanti dikasih resep
yourpetsfess;@yourpetsfess Mending kamu konsul di halodoc dulu deh sip nanti dikasih resep obatnya
eeiyoosg;@cheeseucake_ ya klo km punya bpjs mending km lngsung ke rs aja
pancasyah;@pancasyah Ada adsnya halodoc itu
0;@basejokitugas Coba sender konsul ke halodoc
16/10/21 15.22;@pienotnoir beusan cekout obh di halodoc
kochengfess;@kochengfess Konsul ke vet
16/10/21 15.14;@piaaa_____ Duh aku tu kaligata akut gtu yg muncul tiba2 trs bisa hilang sendiri seharian bgini terus aku pengen ko‚Ä¶ https://t.co/kPVCm0eHt3
;RT @afrkml: Di tengah kesibukan kita
0;@yourpetsfess Kucingku kemarin kke gt juga
0;RT @natadecici: @Askmenfess Halodoc ya? Coba aja
NA;RT @fluidneptune: @peachserim halodoc
16/10/21 14.50;gaiss disini ada yg pernah coba psikolog di halodoc dan bagus ga? dm aku dongg atau rep di sini nanti aku yang dm. tenkyuu
;Makasih Bu dokter yg baik hati 
NA;ada rekomendasi dokter psikolog di halodoc yg lumayan nyaman gtu gak
0;tanyarl ingin banget konsul ke psikolog
;@zoradz Halo
16/10/21 14.08;@xxskuzymark Coba search di halodoc aja
;@milonuggetz Halo
16/10/21 14.07;@hariethhh Mau di orderin battidur dr halodoc?
eajparkingarea;@eajparkingarea Halo kak
0;@collegemfs Grab health
NA;Konsultasi dl ke halodoc
16/10/21 13.48;@bertanyarl Prnah coba halodoc untuk konsul prtama. Di halodoc ad polijiwa konsultasi harganya dr 35-100 ad persesi‚Ä¶ https://t.co/4Czly3BuRP
NA;Gategaa
16/10/21 13.44;@gatauni123 @ZOO_FESS makasih banyak kak sarannyaüò≠üôå halodoc bisa konsul untuk penyakit hewan juga kah?
16/10/21 13.41;@kochengfess Nder cek aja suhunya pake termo. Klo memang demam langsung chat halodoc biar dpt resep. Trus begitu di‚Ä¶ https://t.co/kss7k0P8Mi
sunsvann;@sunsvann @kochengfess Kamu download halodoc aja
;@siswandibambang Halo
ZOO_FESS;@ZOO_FESS konsul halodoc sekarang penanganan pertama harus apa sebelum ke vet
0;@kochengfess Nder Konsul ke halodoc yuk
;@farfrmlv Halo
16/10/21 13.09;@yangtat4 di halodoc coba
0;Pandemi covid19 masih ada sampai sekarang
16/10/21 13.03;@Siapa_Aditt @Kireina_3412 @cursedkidd wkwkwk tanya tu di halodoc
16/10/21 13.01;@kochengfess Coba kamu kosul ke halodoc nder biar lebih akurat
16/10/21 12.56;@karawangfess https://t.co/dJBAlnmB8k
16/10/21 12.52;@collegemfs Halodoc sama yayasan pulih nder
ohmaibabe;Mau chat di halodoc tapi mereka pasti sekalinya open praktek ramean
16/10/21 12.23;RT @dteflauer: @rhndlpbriero sumpah gue kadang sampe mikir kalo otak gue agak bermasalah gara2 sering ngomong sendiri seolah2 lagi ngomong‚Ä¶
16/10/21 12.15;RT @IAmGargantua: Halodoc ngasih resep antibiotik? Wow
16/10/21 12.08;@FOODFESS2 Mending sendernya konsul ke dokter. Kalau ga memungkinkan ke dokter lgsg at least konsul online ke dokter di halodoc
16/10/21 12.02;@ohmybeautybank tiap konsul ke halodoc mesti disaranin la roche posay jd kepoo sebagus apaü•≤
schfess;@schfess Pernahnya ke psikolog via halodoc
0;@rina_kurniasari @pinjollaknat Parah mba
NA;ada yang udah pernah konsul psi di halodoc
0;@18fessss pernah pake halodoc
18fessss;@18fessss Cuma pernah di halodoc nder
16/10/21 11.16;ask! kalian prefer konsul di halodoc atau alodokter? lbh trusted yg mana ya? dapet obat kan?
16/10/21 10.52;klo konsul di halodoc bs lanjut chat diwa dokternya aja ga sihüòá
haruyaaaaa;@haruyaaaaa Harusnya ada ya
haruyaaaaa;@haruyaaaaa Haru cek halodoc
0;Info Vaksin di Branz BSD
16/10/21 08.50;Ini akun college menfess apa halodoc? @RektorColle https://t.co/IQgUZV1vRS
16/10/21 08.36;@scaramouchilde HAHAHAHAHAHAHAH kini aku harus ke halodoc üòÅ
0;@unsrifess coba sender cari sesuatu yg bikin(diri sendiri) bahagia dulu kyk makan
0;@kochengfess Kalo gada klinik hewan coba cek ada puskeswan ngga
16/10/21 08.14;@kochengfess coba kontak vet di halodoc nder.
ohmybeautybank;@ohmybeautybank Minum obat tapi kudu pake anjuran dokter. Aku dlu pake doxicyclin klo gasalah tulisannya
16/10/21 07.17;@ohmybeautybank konsul spkk di halodoc gapake mahal. jgn coba2 dl
kochengfess;@kochengfess Kemaren juga kucing ku pilek anget
;RT @KlinikKendedes: Rapid antigen malang. Link halodoc ada di bio kami.
16/10/21 06.08;@yourpetsfess gabisa nder... harus ke vet atau minimal konsul ke drh di aplikasi halodoc
16/10/21 04.55;@chelseaxjin Mau langsung atau online se? Kalo di halodoc cuma 50k
16/10/21 04.55;@SittaSodiq Saya didaftarkan oleh adik saya. Coba lihat di Halodoc
16/10/21 04.44;Baru tau klo di halodoc konsul dokter + obat bisa dicover full asuransi juga üëçüèª
;RT @chikywhikychoo: koreksi yaa teman teman kalau ada yang salah
kocengmerah;@kocengmerah @kochengfess coba konsul di halodoc kak dan cari tau kenapa sebabnya bisa lemes
16/10/21 04.31;Br sekali konsul via halodoc perkara ada koceng numpang lahiran di rumah anak2nya pd sakit mata. Monmaap ini mah ki‚Ä¶ https://t.co/2NLyKMigtz
mauraurus;@mauraurus Periksa ke dokter
yoishomajime;@Askrlfess Tapi aku saranin konsul aja coba ke halodoc
16/10/21 04.23;@Askrlfess Inpepsa yang sirup sama vometa yang tablet (ini dari resep pas aku periksa di halodoc)
16/10/21 04.06;@aalidreh Ya ampuuuun. Halodoc ajaaa biar tau langkah pertamanya üò≠üò≠üò≠
16/10/21 03.48;RT @IAmGargantua: Halodoc ngasih resep antibiotik? Wow
16/10/21 03.37;"Kcg! Ada yang tau biaya op. Sectio caesar buat kucing berapaan ya? Soalnya kucingnya lagi lahiran ari""nya udah kelu‚Ä¶ https://t.co/qH8JUMMpAu"
;@IAmGargantua Halodoc bs buat hewan?
16/10/21 03.32;@kochengfess Harusnya dalam seminggu sudah kering. Vetnya wanprestasi itu dengan tidak merespon. Coba konsultasi dg‚Ä¶ https://t.co/RCiTRoilGn
16/10/21 03.25;RT @IAmGargantua: Halodoc ngasih resep antibiotik? Wow
;@yourpetsfess YAIYA LAH KE DRH.
16/10/21 03.21;Thank you fwd dan halodoc (dan pastinya kantor) ogah rugi pengen maksimalin fasilitas pokonya!!! https://t.co/rOYv8YGTji
16/10/21 03.21;Halodoc ngasih resep antibiotik? Wow https://t.co/O2JKmrQFro
;Cus
;Makan makanan berlemak emang yang paling enak üçîü•ò
16/10/21 03.02;@yourpetsfess Halodoc itu cum bisa kasir saran kasus2 ringan nder coba kamu ceritain lg kondisi kucingmu sekarang p‚Ä¶ https://t.co/2pITX7jrM4
ohmybeautybank;@ohmybeautybank Ndeeer coba deh chat ke halodoc dulu aja sekarang
16/10/21 02.46;@ohmybeautybank Konsul ke halodoc nder
16/10/21 02.46;@ohmybeautybank Chat via halodoc dulu ajaa jd nnti Senin tinggal ke dokter kulit dan kelamin
16/10/21 02.44;"makasih ya :"" @HalodocID https://t.co/W2eZu5tzjf"
16/10/21 02.22;@lulusikucing Kalo halodoc ada vet jg ya?
0;@flmncogrl Klo 2 bulan brti uda gede
16/10/21 02.05;cara reschedule jadwal konsul di halodoc gimana ya? üò≠
16/10/21 01.27;@tautauudatua @Abd_Aziez7 @MrCha0zz @ChocciH @BBCIndonesia Loh yuk ke halodoc murah loh demi kesehatan mentalmu
;@kochengfess Luka kecil tp dekat tungkai kaki lho
16/10/21 01.19;@menfesssyg kalo aku biasanya halodoc nder
16/10/21 01.18;prefer alodokter atau halodoc ya syg?
16/10/21 01.12;@Superbsaiyan Buru konsul lewat halodoc
16/10/21 01.11;Pagi2 jadi ngehubungin call center halodoc
16/10/21 00.38;@pleiadesfall aku pake halodoc
NA;pagi2 bangun lidah bengkak
;Nga boleh berlebihan satu sendok teh aja sehari.
sbyfess;@sbyfess Stasiun gubeng
15/10/21 21.50;pagi-pagi udah chatan sama halodoc perkara pipis gw berdarahüôÇüôèüèª
;"RT @HalodocID: DO‚Äôs &amp; DON'Ts: Saat Vertigo Menyerang!"
15/10/21 19.04;RT @HalodocID: Aku mau klarifikasi perihal telepon yang mengatas namakan Halodoc. Mohon waspada dan cek video berikut ya guys! https://t.co‚Ä¶
;RT @dhealthtoday: NEW ep of #APAC!
0;@undipmenfess Plis buka halodoc sekarang
15/10/21 18.45;@undipmenfess Alergi kah? Kalau iya alergi mending berobat sih. Mungkin bisa lewat halodoc. aku pernah gitu juga ka‚Ä¶ https://t.co/1ZZjmwarui
15/10/21 18.42;@undipmenfess Konsul di halodoc biar langsung diresepin jd dianter obatnya skarang :)
0;@ohmybeautybank Minum vit c sama tablet fe
ohmybeautybank;@ohmybeautybank kak saranku yaa coba konsul di SPKK di halodoc biaaynya 30k
arjp__;Di halodoc
FALSE;Jadi di akhir psikolog ngasih catetan
15/10/21 17.01;@bertanyarl Cek halodoc nder
15/10/21 16.57;@dekatkulkas Ke halodoc aja curhat wkwkw
TO_VIIGYUU;@TO_VIIGYUU aku sempet gt kmrn
15/10/21 16.39;@Slampdunk88 @HurryKoRn Dari halodoc. Ini kan anjuran dokter ditengah pandemi biar sehat.
NA;Testimoni konsultasi sama psikolog di halodoc: kaya lagi chatting curhat sama temen
;@sygfess Yaemang netijen bisa tau kalo selfdiagnose gitu?
15/10/21 15.47;asw malem2 galauin halodoc
FALSE;hi
;@tahtva Oh ya? Semoga nanti lancar ke psikolognya yaa...
15/10/21 15.36;@rhndlpbriero sumpah gue kadang sampe mikir kalo otak gue agak bermasalah gara2 sering ngomong sendiri seolah2 lagi‚Ä¶ https://t.co/uqRC4evmsH
15/10/21 15.34;we disini ada yg pernah pake alodoc ato halodoc ngga ? itu bayarnya gmn ya
15/10/21 15.28;@ejar3ja jaa https://t.co/esq9q5tXJs
;@sbyfess Aduh kalo udh tau punya penyakit itu harusnya ready obat nder..
FALSE;@yourpetsfess saran dari aku segera kasih obat yaa nder
tanyaivanka;@tanyaivanka Dari dulu nggatau knp kalo rambut rontok tiba2 jg pasti dikaitkan sama stress/banyak pikiran
15/10/21 14.09;@jamesonenak_ Mending cek ke halodoc aja biar lebih enak atau detail gitu
15/10/21 14.08;@winartiii__ halodoc bisa offline kah? thx infonya
15/10/21 13.55;@HalodocID Obatnya apa ya kalau vertigo yg di tambah dengan mual muntah
15/10/21 13.47;@mac12330 Udah tadi siang lewat halodoc
;Capek capek download halodoc padahal ada dokter spesialis jiwa teman awak 
15/10/21 13.25;https://t.co/yCP0cxkTEK
NA;Permisi
;Ok back to topic.
15/10/21 13.04;@ohmybeautybank Ngeflek ya.. bisa jd mens mu emang lg problem. Klo males ke dokter langsung konsul halodoc aja
15/10/21 12.51;@lovingalatus i suggest halodoc or renewing your bpjs non oomf ‚ù§Ô∏è
15/10/21 12.50;@pavo_ocellus https://t.co/wRdo6MUmNM
15/10/21 12.48;@taotaliya HAHAHAHAHAHHAHA baby try halodoc
15/10/21 12.46;@cheesy_brdstcks baby halodoc is just a click away
15/10/21 12.36;@kochengfess Ada gejala lain selain gamau makan kah kak ? Bisa jadi sariawan atau sebelumnya ada salah makan kak. T‚Ä¶ https://t.co/0K7TUDdx4z
0;@convomfs beda parah lahh
HalodocID;Jika kondisi tidak kunjung membaik
violebyy;@violebyy @yourpetsfess Kukira minum obat cacing
15/10/21 12.05;@menfesssyg Coba tanya halodoc dlu aja biar dikasi obat pereda bengkak kalo ga kempes jg baru ke drg nder
fithriyani_;@fithriyani_ @beartaeby_ @yourpetsfess tips: kalo obat halodoc mahal krn beli sendiri mah kudu full ya
15/10/21 11.57;@ciloret Sama ko aku awal2nya dikit dikit pas udah hari ke 8 kesana biasanya nambah banyak kaya mens biasa sampe de‚Ä¶ https://t.co/gISwHXDvv6
1;@beartaeby_ @yourpetsfess Bener bener
15/10/21 11.50;@yozariam Kepikiran riliv kak pernah coba gaak ya? Kalau halodoc katanya psikolognya suka agak agak gmn gt hehehe
15/10/21 11.46;Mau tips dan trik merawat kesehatan kulit biar keliyatan glowing kayak Mama Gigi. Kunjungi link ini deh‚Ä¶ https://t.co/FaxKjtIUZV
millkypjm_;@millkypjm_ wduh
15/10/21 11.37;Halodoc aja nder https://t.co/lSWkMty2pb
ssefnum;@ssefnum Halodoc
FALSE;@ssefnum Halodoc
15/10/21 11.19;Ya terus kamu maunya jawabannya gimana atuh karena gada yg berani ngasih rekomen obat petshop juga karena emang bag‚Ä¶ https://t.co/JEqb0gF1Qt
beartaeby_;@yourpetsfess Bukan cuman mata aja sih
15/10/21 11.16;Sumpah ya @HalodocID ini kenapa nyebelin bgt pesen dr jam 12 sudah terkonfirmasi bilang tiba selama 33-48mnt tau ta‚Ä¶ https://t.co/uIlyxyq5ex
15/10/21 11.16;@yourpetsfess Pake halodoc udh belum? Bayarnya murah nanti dikasih resepnya. Sebenarnya kalo sakit mata memang seha‚Ä¶ https://t.co/iAGFbwBOcR
;@yourpetsfess Maap y nder y
;@Meoowww_____ https://t.co/MZR3KrV0Bc
15/10/21 11.14;@yourpetsfess Nder... Aku cuma bisa nyaranin coba halodoc.. kamu jangan kasih obat mata sembarangan.. kasian mengny‚Ä¶ https://t.co/3tNgHy8TjW
15/10/21 11.12;@jidatkaoru ......HALODOC
15/10/21 10.52;RT @RistyRianda: Halodoc beli obat tidur dalam bentuk pelukan dong
NA;mau nanya zoo kucing aku sering banget garuk-garuk telinga dan sekitarnya
15/10/21 10.30;Aplikasi sejenis halodoc yg pembayaran ga ribet ada gak?
15/10/21 10.13;@wattamelonsugar Halodoc
15/10/21 09.42;@yourpetsfess Aku waktu itu diresepin megaderm. Konsul ke halodoc atau vet kamu coba
15/10/21 09.41;@kochengfess dokter ofc.. kalo urgent bgt halodoc
pcrsehun;@pcrsehun Ini aku cek tdi alodoc sama halodoc
rewmbulan;@rewmbulan nooo gaakan ada yg nganggep kamu gila. aku saranin kalo malu konsul langsung bisa di halodoc
0;@sitjul @PratiwiPutr Iya Ul
15/10/21 09.17;@AREAJULID Bapak coba sisihkan 30k untuk konsul di halodoc pak
yourpetsfess;@yourpetsfess Gabisa cuma nebak2 dr telinga aja nder
15/10/21 09.13;@pcrsehun Konsul ke halodoc udah pernah raa?
bertanyarl;@bertanyarl Adek kelas lu itu keluarga lu apa bukan? Kalo bukan keluarga ya jelas dia marah
15/10/21 08.59;@PratiwiPutr @sitjul Kalo di halodoc dokternya kasih terapi yg paling mendekati dari hasil anamnesa tadi. Gituuuu kira kira hehehe
PratiwiPutr;@PratiwiPutr @sitjul Kalo halodoc gitukan biasanya cuma konsul penyakit2 ringan
15/10/21 08.38;lol halodoc is such a terrible place to consult with a psychiatrist with half hour cut off all of a sudden
NA;Back to halodoc
15/10/21 07.56;@bertanyarl Nggak sih. Paling pegel di bekas suntikannya 2 hari. Sama meriang 2 hari jg. Selebihnya fine. Bahkan yg‚Ä¶ https://t.co/XLTweY8QO7
;@sitjul @hernikairwn mau tau jugaa.. 
15/10/21 07.43;@yourpetsfess Kalo kamu perlu range biaya bisa konsul di halodoc sama obat sementara tapi keknya kudu cepet2 ke vet deh
yourpetsfess;@yourpetsfess bisa
;Defisit Kalori? apa sih ituü§î
kaistoast;@kaistoast sipsip... di grab jg sbenernya ada grabhealth sih bisa consult sm bli obat juga
;RT @buahahahahak: @yourpetsfess Coba konsul ke halodoc nderrr. 
UNSfess_;@UNSfess_ Ke dokter
kaistoast;@kaistoast waduhh :'o tp aku kurang tau tepatnya sih
phopkhonhaa;@kaistoast gatausih di halodoc ada epipen apa engga tp kalo beli obat lain biasanya bisa
kaistoast;@kaistoast udh coba cek lewat apotek¬≤ kaya century/kimia farma/etc blm? aku blm pernah sih
15/10/21 06.00;@rachbutwithmi @ZOO_FESS Penanganan nya udh tepat kyk aku waktu itu cuma tambahin aja beli batugin di apotik untuk‚Ä¶ https://t.co/YQ1pPTDtxr
15/10/21 05.54;@rayzapratama kirim2 salam via halodoc pak
15/10/21 04.49;@neoxtiway coba lu chat halodocüôÄüôÄ
15/10/21 04.24;@kankenism @skincarefess Siclidon sama mediclin. Tp pastiin lgi aja ke dokter kak. Dulu juga berobat lewat halodoc‚Ä¶ https://t.co/Rtb171SnAf
ZOO_FESS;@ZOO_FESS Diare penyebabnya macem-macem
justlttlegirl;@justlttlegirl iyaaa akhir akhir ini malas tidak ada semangat ngetwtüòî
;@yourpetsfess Coba konsul ke halodoc nderrr. 
;@jawafess walaikumsalam slur
15/10/21 03.40;@jawafess Waduuh bahaya bgtt üò≠üò≠ keknya km perlu nanya dr obsgyn d halodoc aja deh nder drpada disini muk arep disal‚Ä¶ https://t.co/nxs2kEOvvs
;@purplovember Iya mba noy kemaren udah nyoba ke halodoc malah di suruh ke psikolog rumah sakit üòÖüòÖ
15/10/21 03.02;@azulkapitalis Telpon halodoc deh
Askrlfess;@Askrlfess Kalo kamu masih kuat jalan mending berobat aja nder
15/10/21 02.50;@joko_tingkiirr Beli di Halodoc
15/10/21 02.48;@yourpetsfess Mamanya lg perawatan apa nder? Gabisa dibawa ya anaknya? Klo saran dari drh. kasih susu rc nder. Perh‚Ä¶ https://t.co/5UG8srKPAL
15/10/21 02.27;@yourpetsfess Kasih rc kmr aja udh paling bener atau klo mau cepet beli sgm llm non laktosa di indoalfa/pesen dr halodoc
15/10/21 02.10;Pagi pagi udah order halodoc
15/10/21 00.57;@convomf jerawat kalo udh meradang tuh gabisa pake skincare aja huhu trkdng juga butuh obat sama penanganan khusus‚Ä¶ https://t.co/kjBAQpRlka
15/10/21 00.15;tanyarl kalo pake halodoc itu berbayar kah?
bertanyarl;@bertanyarl Daripada tanya disini
14/10/21 23.53;@bertanyarl Halodoc kan ada üòå
14/10/21 20.45;@JF7_xxx Cari pertolongan. Ke psikolog atau apa. Aplikasi halodoc juga ada
14/10/21 20.18;Wayahe halodoc
14/10/21 20.12;bisa cek ke halodoc gasih
bertanyarl;@bertanyarl Halodoc aja nder murah ko
bertanyarl;"@bertanyarl Kalo liat di halodoc sih sekitaran &gt;50-100k"
bertanyarl;@bertanyarl 50+- di halodoc
14/10/21 19.06;RT @RistyRianda: Halodoc beli obat tidur dalam bentuk pelukan dong
14/10/21 19.04;Ada yg pernah beli obat ke apotik pake resep dari halodoc? Diterima gak ya?
14/10/21 18.55;RT @RistyRianda: Halodoc beli obat tidur dalam bentuk pelukan dong
14/10/21 18.32;@jogmfs halodoc
14/10/21 18.08;@jogmfs halodoc
14/10/21 18.07;@jogmfs Halodoc nderr
14/10/21 18.07;@jogmfs Halodoc
14/10/21 17.46;@convomfs gaada? pake halodoc deh coba tp gak akan dikasih resep obat
14/10/21 17.11;@sunnyflawer Konsul ke halodoc bu dills
NA;yang pernah konsul psikolog di halodoc tolong dm gue ya
14/10/21 16.58;RT @RistyRianda: Halodoc beli obat tidur dalam bentuk pelukan dong
14/10/21 16.25;@otherkeyy coba kamu ke halodoc disitu jg ada psikolog¬≤ gituu
14/10/21 16.24;@Weartize2 halodoc aja? asam mefenamat
14/10/21 16.16;RT @RistyRianda: Halodoc beli obat tidur dalam bentuk pelukan dong
14/10/21 15.41;pesen obat di halodoc kalo rumahnya ga dijangkau gabisa yaaa üò≠
14/10/21 15.37;RT @RistyRianda: Halodoc beli obat tidur dalam bentuk pelukan dong
14/10/21 15.25;RT @crnayuta: mau wawancara @chanbearry u oke ????? jika ada serangan sesuatu di jantung hati dada secara tiba-tiba bisa langsung hubungi h‚Ä¶
14/10/21 15.22;mau wawancara @chanbearry u oke ????? jika ada serangan sesuatu di jantung hati dada secara tiba-tiba bisa langsung‚Ä¶ https://t.co/xgs5p8LfKL
14/10/21 15.21;@uynamibaziaf Coba tanya dokter di halodocüôè
14/10/21 15.19;RT @RistyRianda: Halodoc beli obat tidur dalam bentuk pelukan dong
14/10/21 15.17;@kouhasss Slr baru sempet bales. Yaudah gakpapa se kalau mau nyoba herbal. Kalau ga cocok pindah dokter gabisa ya?‚Ä¶ https://t.co/1pzYMm3wHw
14/10/21 15.16;RT @RistyRianda: Halodoc beli obat tidur dalam bentuk pelukan dong
;@130413cityx @ohmybeautybank Ini sih keliatannya Jamur Kuku nder
gartegarrrrr;@gartegarrrrr Datang ke faskes terdekat
14/10/21 15.00;RT @RistyRianda: Halodoc beli obat tidur dalam bentuk pelukan dong
14/10/21 14.57;RT @RistyRianda: Halodoc beli obat tidur dalam bentuk pelukan dong
14/10/21 14.48;@kochengfess Konsul halodoc deh nder. Takut salah penanganan
14/10/21 14.44;RT @RistyRianda: Halodoc beli obat tidur dalam bentuk pelukan dong
0;@spearklingsz congratulations sekali lagi orang baik
14/10/21 14.37;RT @RistyRianda: Halodoc beli obat tidur dalam bentuk pelukan dong
14/10/21 14.35;RT @RistyRianda: Halodoc beli obat tidur dalam bentuk pelukan dong
14/10/21 14.35;Mohon maaf ya akun Miki bkn dokter hewan jd klo kucingnya sakit terutama virus tolong langsung bawa ke dokter. klo‚Ä¶ https://t.co/lMY1XxmuXy
14/10/21 14.18;RT @RistyRianda: Halodoc beli obat tidur dalam bentuk pelukan dong
orangimud;@orangimud @gforiend @anaknyaMrzhong @convomf Btw kamu umur berapa emang? Coba ini deh
yourf61843153;@yourf61843153 hmm dom mana ka? kalau urgent banget coba chat sama halodoc kak ada dokter hewannya
14/10/21 14.07;RT @RistyRianda: Halodoc beli obat tidur dalam bentuk pelukan dong
14/10/21 14.06;Halodoc beli obat tidur dalam bentuk pelukan dong
beurokolli;Seminggu kemudian pas antibiotiknya abis
14/10/21 14.01;@convomfs kata temenku kalau kamu belom legal emang harus ada izin sama orang tua. even di halodoc. coba tanya temenku @cvutiepie
14/10/21 14.01;@wattamelonsugar halodoc
hi_zchenle;@hi_zchenle Coba ke psikiater online duluuu
14/10/21 13.36;@convomfs try halodoc sender! aku juga lagi mau coba :DD
14/10/21 13.20;@wattamelonsugar halodoc
14/10/21 13.16;@yoisakiz kok halodoc kak tik tok donk
14/10/21 13.15;Yrl mau konsul ke halodoc soal anxious sebaiknya ke kejiwaan apa ke psikolog
NA;Kami sarankan Bapak/Ibu Pelanggan dapat menghubungi langsung layanan HaloDoc 1500888 Atau Via WhatsApp HaloDoc ya 
14/10/21 13.11;Syg! mau konsul ke halodoc soal anxious sebaiknya ke kejiwaan apa ke psikolog
14/10/21 13.11;Say! mau konsul ke halodoc soal anxious sebaiknya ke kejiwaan apa ke psikolog
Askrlfess;@Askrlfess Ini lebih ke herpes keknya. Coba ke halodoc atau aplikasi dokter online gitu
;@Askrlfess Antara herpes/ jamur kucing 
14/10/21 12.46;Tmen gw di kos tbtb pingsan palanya jedug lantai buwanter lgsg chat halodoc dan cus ugd üëç untung gpp ya Allah https://t.co/HLiDQtNgP7
14/10/21 12.18;@brxchiosaurs mungkin klo ak dlu msuk kedokteran ak bakal konsul ke halodoc kali yaüò≠
brxchiosaurs;@brxchiosaurs OK INI PERTANYAAN SERIUS
14/10/21 12.13;anak kedokteran kalo ga ngerti materi buka halodoc gk ya
14/10/21 11.57;@theboyzwibu ayo ke  halodoc memek
14/10/21 11.54;@doIIdk kayanya kita harus donlot app halodoc
vshuhua;@vshuhua Gue kata lo harus konsul ke halodoc
FWBESS;@FWBESS Cek dokter aja
14/10/21 11.14;@HalodocID ini kenapa 2x saya pesen obat nyangkut trs orderannya??
14/10/21 11.14;@nikenpm Halodoc
14/10/21 11.09;pengen konsultasi ke halodoc tp gapunya duit
14/10/21 11.01;ada yang pernah berlanganan halodoc?
mbikaela;@mbikaela Mau login akun halodoc aku aja
14/10/21 10.27;Cuma halodoc
;@jogmfs Aku kmrin pake halodoc nder
14/10/21 10.18;halo ada yang punya voucher halodoc? yang gak kepakai makasi banyak #zonauang
AgustinCahyani;@AgustinCahyani i see
MMIIIXXIV;@MMIIIXXIV liat liat di halodoc dulu aja buat nyari tau tempat yang terdekat
14/10/21 09.40;Setan tuh ketika orang tidur bentar abis pulang kerja ada nomor asing nelpon dan maksa banget dengan atas nama alod‚Ä¶ https://t.co/IFqMY4LEnI
14/10/21 09.29;@yourpetsfess better beli rekomen dari drh halodoc si nder:( halodoc aja tapi lebih bagus ke vet:(
14/10/21 09.29;@Ramabi GOD shouldve used halodoc instead then!??!?!?!? gonna complain to my dad THANKS BOB
14/10/21 09.25;@Djooheonie @bertanyarl Euy kak spill dong dokter yang bagus d halodoc :((
14/10/21 09.02;@ohmybeautybank Kalau kaya gini konsul di halodoc atau alodoc bisa kak? Kalau mau ke dokter RS kayak masih takut ~ns
14/10/21 09.01;Ini nomor yang ngaku adminnya halodoc üôÉ tiati ya gess https://t.co/8rbGqPKzLD
meitasmulyadi;Karna masih ragu itu bener apa engga
14/10/21 08.59;Dia juga jelasin kalo dia ga butuh aplikasi halodoc dr aku. Cuma dia butuh norek buat pembayaran. Nah disitu aku mu‚Ä¶ https://t.co/O7Fs1Z7Fs0
14/10/21 08.54;Bisa¬≤nya tadi pagi ditelfon sama yang ngaku adminnya halodoc. Dia jelasin p√ól tentang promo konsul ke dokter 1 bula‚Ä¶ https://t.co/nCOktlLzh5
;"Kita akan mendengarkan strategi Halodoc utk bisa mjd ""the FIRST in the consumer's mind"" di #IBF2021"
14/10/21 08.47;Layanan TELEMEDICINE tak bgitu dikenal sebelum pandemi. Namun dg datangya pandemi konsumen takut ke RS or ketemu do‚Ä¶ https://t.co/QvD1jlm051
0;Halodoc jeli memanfaatkan aset terbesar sebuah startup
;HALODOC
NA;Moots
;@blckcotton lekas membaik yaa~
1;Zoo kmrin aku uda konsul halodoc dan didiagnosa chlamydia
14/10/21 07.25;@amitafau Andai halodoc punya fitur nganterinnya sampai kamar..
kochengfess;@kochengfess scabies kalau udh agak parah kaya nya ga cukup pakai vco aja nder
14/10/21 07.15;@yourpetsfess konsul halodoc nder
14/10/21 06.57;"Halodoc&lt;&lt;&lt;&lt;WATSAP‚úÖ https://t.co/6itMtOFS1H"
14/10/21 06.48;@agitayuana Ya Allah jahat bener üò≠ mbak bisa coba lgsg ke psikolog online mungkin mba? Seperti di halodoc atau yayasan pulih
14/10/21 06.36;@JoliciaGrace Tergantung ke mana mbak. Kalo ke puskesmas pake bpjs bisa gratis. Di Halodoc konsul ke psikolog/psiki‚Ä¶ https://t.co/0gaZ6fuQar
14/10/21 06.25;@ZOO_FESS coba chat drh di halodoc
14/10/21 06.04;@ZOO_FESS Di halodoc bisa deh keknya pernah liat
;[HAPSA TALKS BATCH 4]
;@wowuyee_ @dubid4m @moviemenfes Penurunan fokus
bertanyarl;@bertanyarl Konsul halodoc minimal kalo punya uang langsung psikiater kalo lu kuat pergi sendiri juga aman
14/10/21 04.57;@HalodocID min kenapa ya saya registered halodoc selalu ada tlp penipuan yg bilang bakal dapet asuransi yg bisa dic‚Ä¶ https://t.co/nbf864Kd1F
14/10/21 04.56;@ZOO_FESS Halodoc ada vet nya
dogeon;@dogeon @selfolconvo Gue tag mutual yang paling hyper
14/10/21 04.47;bs daftarin meera ke halodoc gk agk ksian sm@otak dn mentalnya https://t.co/n0R5OxvDx2
;Jika anda tertimpa masalah
ZOO_FESS;@ZOO_FESS Konsul aja nder ke halodoc
womanfeeds_id;@womanfeeds_id Please ke SPKK nder sebelum lbh parah lagi. Gw pernah kyk gini
_leocaesar;@_leocaesar @HalodocID Hai @_leocaesar 
0;@middaysix aku kemarin2 udah niat ke dokter kan
14/10/21 03.26;@anotherbermundo aku biasanya nyatet siklus menstruasi di halodoc disana langsung di hitungin masa suburnya
;Halodoc suka ngadi ngadi emang kalo ngasi notip
0;@kochengfess Ke vet aja nder
14/10/21 03.18;Sering¬†marah-marah¬†bisa menjadi¬†gejala¬†gangguan BPD (borderline personality disorder) atau gangguan kepribadian amb‚Ä¶ https://t.co/LRz0tLiVJ9
fearlonerz;Gue udh berniat buat konsul minimal via halodoc dulu
0;@aaaftersunday @bertanyarl Iyakann
14/10/21 01.34;@notyamayama How about Halodoc Psycholog
14/10/21 01.16;@MediaKonsumenID @smartfrencare @aduanPPI Nitip https://t.co/gdPlXrahwj
14/10/21 01.00;ada yg pernah konsul psikiater pake halodoc? kalo ada bisa spill plus minus nya dong
;https://t.co/a07j80GFGT
13/10/21 23.51;@yozariam @angelisfty Aku punya trust issue sama halodoc kaküòÖ.. pernah konsul setahun yg lalu eh jawabannya ‚Äúitu pe‚Ä¶ https://t.co/MaGnKx8cpC
womanfeeds_id;@womanfeeds_id Sender menurut aku harus konsul ke dokter yg bener ahli dibidangnya
ohmybeautybank;@ohmybeautybank Ak pake dr resep dokter di halodoc tp digabung sm niacef
13/10/21 22.02;@trimasgetir_ masih ada obat yg sama buat penyakit ini tapi. ke halodoc pun sama kok dikasinya obat ini
13/10/21 19.49;RT @yozariam: Paginya gue langsung disuruh konsul sama adek gue yg anak psikologi ke psikiater via halodoc. Menurut beliau semalem itu gue‚Ä¶
13/10/21 19.06;"gara"" habis dibaca karakter habis""an bikin download halodoc."
13/10/21 18.45;@ohmybeautybank Ka coba konsultasi ke halodoc
13/10/21 18.40;RT @yozariam: Paginya gue langsung disuruh konsul sama adek gue yg anak psikologi ke psikiater via halodoc. Menurut beliau semalem itu gue‚Ä¶
13/10/21 18.32;@orangmnis Ada yang gratis kok kak. Di puskesmas/faskes bisa pake bpjs. Atau yang murah dan cepat bisa di halodoc.‚Ä¶ https://t.co/c9DxlGRVJu
;@yogialvin23 Coba rutinin konsul aja at least sebulan sekali.
13/10/21 18.03;@lovelineea @angelisfty Kalo kamu punya bpjs bisa coba ke psikolog di faskes terdekat ya. Gratis kok itu. Atau kalo‚Ä¶ https://t.co/C38pR5auRg
13/10/21 17.42;@keziadotcom di halodoc kezz
13/10/21 17.39;@blessmysoul_ @bertanyarl Halodoc bisa buat hewan?
13/10/21 17.36;@bertanyarl Sender nggak coba konsultasi lewat halodoc?
scourlips;@scourlips psikolog online ada
FALSE;tadi pagi tuh ada niat buat nyoba konsul ke psikolog
bertanyarl;@bertanyarl Coba konsul di halodoc aja nder
13/10/21 17.18;@bluentgrey cobaa cek ke dokter gih dinn serem anjirr lewat halodoc gitu tah atau gakk
13/10/21 17.00;@bdngfess tanya ka halodoc lain kana twitter
NA;Psikolog lewat halodoc worth it ga sih
13/10/21 16.27;@yozariam @mangtul untuk konsul di halodoc ada rekomendasi dokter yg enak ga ya?üòÖ
13/10/21 16.24;https://t.co/9SlodsHqzg
;:O selalu terapkan PHBS 
;banyak baca biar tau :) 
18fesss;@18fesss Seek help from expert nder
13/10/21 15.44;Pengen konsul psikolog halodoc deh
13/10/21 15.17;Gw orang yg sangat suka menyuarakan kesehatan mental. Gw seringkali nyaranin teman yg permasalahannya udah rumit bu‚Ä¶ https://t.co/lleZdIODiP
inceklebih;@inceklebih @yozariam Pake halodoc jg bisaa.. tp harus pinter2 milih orangnya ya
NA;anak jaman sekarang cuman badmood doang bisa-bisanys berani self-diagnosis ada mental illness
13/10/21 14.56;@HalodocID min aku minta kode promo buat beli plester post op anti air dongüò≠
NA;Meng-tepar selama 3 hari
13/10/21 14.15;Aduh halodoc metode pembayaran nya knp gabisa shopee sih
NA;Saat pandemi seperti ini. Berolahraga
NA;what is this.. tertarik bahas mbti or someone‚Äôs mbti? aku udah test
gxgacc;@gxgacc Kalau mau online bisa pakai grabhealth atau halodoc
NA;Di halodoc aku ketemu yg judgemental sampe males ke psikolog lagi
18fesss;@18fesss coba ke psikolog/psikiater kalo kamu takut coba online atau lewat @HalodocID worth it banget
13/10/21 12.51;@kochengfess Jamur bukan ya... Kalau konsultasi si halodoc gimana nder? Kayaknya lebih murah dan jawabannya pun dari professional.
13/10/21 12.49;RT @yozariam: Paginya gue langsung disuruh konsul sama adek gue yg anak psikologi ke psikiater via halodoc. Menurut beliau semalem itu gue‚Ä¶
13/10/21 12.28;@FWBESS Cek aja di halodoc
13/10/21 12.08;@moonareas Kalau based on testimoni orang-prnag alodok better dari halodoc. Tapi kalau memungkinkan ke offline dokt‚Ä¶ https://t.co/VJfnI0dk5V
13/10/21 12.03;Seandainya cari pacar semudah booking tes PCR di Halodoc... https://t.co/S7kfzlDMq2
0;@coronafakyu kurang tauu
NA;‚òÅÔ∏è keadaan aku lagi beneran ga baik baik aja
13/10/21 11.49;-rl ada yang pernah konsul online ke psikolog halodoc ga ? mau nanya nanya sekalian minta rekomen dokter yang worth it
diethingy;@diethingy Maaaf oot
13/10/21 11.17;Aku lg nyoba diet! Dan kmrin konsul ke halodoc dibuatin meal plan dgn 1500 kalori. Klo aku laper ga sesuai sm jam m‚Ä¶ https://t.co/k6dXIY4rnH
0;@yourpetsfess Kontak halodoc
rigafiles;@rigafiles @rosennea Betul
;@putringgatidur hmm
;@imnumbbby @JS_Khairen Hipotesis awal dan dasar
#NAME?;
13/10/21 09.49;"[titipan] ""ada yg pernah konsul psikolog di halodoc ga -rek?  recommend ga?"""
;RT @PsikologID: Siapa nih yang rutin donor darah?.
NA;Pengen konsul ke dokter spkk di halodoc
bertanyarl;@bertanyarl jamur? sabun ga cocok? banyaaak faktornya nder. paling bener cek dokter aja sii. kalo ga bisa ke dokter
13/10/21 08.49;@kochengfess Kemarin liat di ig storynya denny sumargo pas si Zorro kukunya copot dikasih betadine dulu buat pertol‚Ä¶ https://t.co/LolVWipTxY
13/10/21 08.29;@Bocah_Sueb @kompascom Sehat-sehat ye eb. https://t.co/0Qp3heKFkA
13/10/21 08.02;@aangdul https://t.co/hWeNdujSkP
HalodocID;@HalodocID Can you help me? I had my first dose of the AZ COVID-19 vaccine at the drive-thru location in Kemayoran
FALSE;@SweeteniaZhea Iya aplikasinya langsung. Download aja halodoc
13/10/21 07.18;@SweeteniaZhea Wkwkwk üòÖ ini pakai halodoc beeeb
;Kita semua bisa melihat kiprah usaha startup yang sudah berhasil dan berdampak kepada masyarakat luas.
;@yourpetsfess ini
13/10/21 06.46;@ZOO_FESS Gpp.. Konsul di halodoc sama ke vet juga ga beda jauh sih paling kalo ada penanganan lebih ntar sama dokt‚Ä¶ https://t.co/0D0ivJOeT5
13/10/21 06.42;Zoo kalo aku halodoc dlu gpp kah? Aku blm bisa bawa ke vet lgsgü•∫ di halodoc aku ada drh langganan kalo anabulku sak‚Ä¶ https://t.co/HlS56a0v8L
NA;{mu} untuk cek payudara ke dokter
NA;sumpah ini yang pernah konsul ke psikolog di halodoc
13/10/21 06.03;say! pskiater di halodoc worth it ga? aku mau konsul soal relationshipku yg toxic btw :(
13/10/21 05.06;I have this skin condition called keratosis pilaris or ‚Äúchicken skin‚Äù yg bikin kulit lengan atas gw tuh kek merindi‚Ä¶ https://t.co/tBrRl1p8KQ
;Siapa nih yang rutin donor darah?.
13/10/21 04.49;@fadilromadon @HalodocID ....
13/10/21 04.38;@sasayanglucu @HalodocID
0;@HalodocID mau tanya
;@FWBESS Ada kemungkinan alergi atau sesuatu yang tidak biasa terjadi di badan kamu nder.
13/10/21 04.34;Cah lek konsultasi dokter via app halodoc bayar e piro cah?
toothlessrabbit;@toothlessrabbit @nini_kyoong @kochengfess coba lapor ke ig CLOW
13/10/21 04.11;@jogmfs Puskesmas kalo ga halodoc jg murahh
13/10/21 04.00;@Yhosua_siphtar Coba cek melalui aplikasi halodoc pra.
13/10/21 03.45;Paginya gue langsung disuruh konsul sama adek gue yg anak psikologi ke psikiater via halodoc. Menurut beliau semale‚Ä¶ https://t.co/jTQqFrM67o
13/10/21 03.40;@bebefugu @collegemenfess not sender tapi di halodoc bisa
;Kcg! ‚ö†Ô∏è TW // DARAH 
;@Ftrnshlm Udah mah gaenak
;@kochengfess coba kasi air madu dulu kak
13/10/21 02.55;halodoc ga ada fitur rontgen online ya hft
kochengfess;@kochengfess Kasih minum nder coba
13/10/21 02.54;@kochengfess coba konsul di halodoc . Biar lebih tepat penanganannya sm dokter langsung
NA;ada yg pernah buat janji dokter di halodoc blm? kl ada
13/10/21 02.27;https://t.co/45DMLWdtHw
13/10/21 02.14;@sangriasprite Gk papa aku aja sebulan magang udh 2 kali pke halodoc ü•≤ü•≤
13/10/21 01.50;@lazeneno Beli di halodoc
13/10/21 01.46;@thrsybs @arefuckingbitch @kochengfess Coba lewat halodoc kak
13/10/21 01.37;Tp dr ngurusin hewan sakit ya jd belajar kalo emang kudu sabar banget ngurus makhluk hidup yg lg gak enak badan...i‚Ä¶ https://t.co/jFI9d04YZg
13/10/21 01.29;@HalodocID Miiin udah cancel tapi gopaynya belum balik nih
13/10/21 01.07;Sebadan dan muka. Asli pertama kalinya ngerasa keracunan makanan kaya gini. Udah panik bgt sampe telpon igd. Tapi u‚Ä¶ https://t.co/kpK0n11ft4
13/10/21 00.34;@sukabcot halodoc ajaa atau kalo mau gratis pake pijarpsikologi
13/10/21 00.17;@diethingy Lewat halodoc bisaa
13/10/21 00.17;@anggareni_meike mjb ka metode pembayarannya di halodoc apa aja ya ka?
12/10/21 23.53;@bertanyarl Soalnya kalo kamu tanya disini kadang kamu atau suami mu itu kurang yakin. Karena ngga semua yang main‚Ä¶ https://t.co/Y2xpIyc4bU
bertanyarl;@bertanyarl Sudah ada platform konsultasi online seperti halodoc
12/10/21 23.42;@ohmybeautybank wkwkwkwkakakak kompres es atau tanya dokter aja deh ya pake halodoc takut gimana gimana
12/10/21 23.30;thank you halodoc karena kamu bantu aku tanpa perlu ke klinik karena males AHAHAHAHHA
FALSE;@bertanyarl Anu nder
0;@tubirfess sejak di telpon beginian gw jadi uninstal alodokter
12/10/21 18.03;@bertanyarl pake halodoc ga akan ketauan ko sama ortu/saudara asal km punya hp sendiri dan ga sharing
12/10/21 17.52;@bertanyarl halodoc neer
12/10/21 17.52;@bertanyarl halodoc
12/10/21 17.46;@ohmybeautybank ke spkk nder biar lebi pasti via halodoc aja
12/10/21 17.40;Hmmm apa aku ke halodoc terus tanya-tanya sama psikologüò≠üò≠
12/10/21 17.26;"@tubirfess Halodoc&gt;&gt;&gt;&gt;&gt;&gt;&gt;&gt;apk konsul dokter lain"
12/10/21 17.20;ada yang pernah konsul mental health di halodoc ga? Bisa kasi rekomendasi dokter yg bagus?
12/10/21 17.05;@moonareas i heard psikolog di halodoc responnya kurang memuaskan
12/10/21 16.58;aku minta tolong bgt ya yang pernah konsul di halodoc
FALSE;hii
12/10/21 16.43;Dulu gua sempet 5 kali konsul ke beda-beda psikolog di halodoc tapi cuma satu dokter yang bener-bener cocok dan bik‚Ä¶ https://t.co/CiM0axLHG1
ohmybeautybank;@ohmybeautybank dipakein kapas terus deh nder
akunaIter;@akunaIter Bagus
12/10/21 16.21;@rfnrdhy777 halodoc
;@kochengfess Ya Allah... 
;https://t.co/DustdVVD7K
12/10/21 16.03;@kochengfess Astagfirullahüò≠üò≠ konsul ke Halodoc aja nder buat penanganan pertama sama googling juga vet yang sekiranya buka dimana
;@dntkntngg Temenku pernah di puskesmas (?) biayanya murah banget. Dibawah 50K 
kochengfess;@kochengfess Nder lukanya dibersihin dulu pake cairan antiseptik yaa
12/10/21 15.55;@kochengfess Coba konsul halodoc ka? Kan ada tuh doktr hewannya. Atau kalo di kasih obat merah gitu gimana?
NA;Pertama kali konsul via telemedicine
12/10/21 15.41;@moyshit_ Halodoc atau satupersen raaüôå
12/10/21 15.19;@ya_bentar @kochengfess Atau cb install halodoc. Kalo ga salah ada dokter hewan disitu.
fuwnafuwni;@fuwnafuwni cowo aku pernah pake halodoc
12/10/21 15.16;@theorlandoboy tanya di halodoc aja abang.. takut kenapa napaa ‚òπÔ∏è
12/10/21 15.03;@kochengfess halodoc aja ndeerr soalnya urgent:‚Äù
1;@FWBESS Pake HaloDoc banyak promo kok
FWBESS;@FWBESS Coba aja dahulu
twelvyu;For free lagi. Duh aku kayak konsul halodoc lewat org dalam. Ditunggu terdaftar di apk ya kalau jauh! Kalau dekat
12/10/21 14.39;@guten_nachtt @gojekindonesia @findayaindo @HalodocID Kok bisa? terus sekarang gimana?
NA;Hi
;@bertanyarl Pakai BPJS bisa nder.
12/10/21 14.06;@ambisiusly Pake halodoc kah Gung?
anyainkamu;@anyainkamu Cobak halodoc dulu deh
NA;RT @DedySoelistijan: Pasangan Mengidap Bipolar
NA;Pasangan Mengidap Bipolar
#NAME?;
HalodocID;@HalodocID Tinggal saldo payment nya kak belum balik
HalodocID;@HalodocID Sudah dicancel kak
12/10/21 13.21;Kepake juga asuransi kantor di halodoc ‚ò∫Ô∏è
12/10/21 13.07;@hanabytch Coba tanya halodoc deh.
12/10/21 13.06;Jangan khawatir hoomans! Segera konsultasikan majikanmu yang sedang sakit dengan dokter hewan lewat Halodoc ya. Dow‚Ä¶ https://t.co/Az6ixxA9Ln
12/10/21 13.04;@zabilanahra halodoc bil.. kalo msh melepuh gt jgn dikasi alkohol sumpa
12/10/21 13.04;RT @HalodocID: Ya ampun! Kasihan banget majikanmu lemas seperti itu! üòü https://t.co/QZuVg9QXkM
0;@matxpen sprei
anothernataa;@anothernataa @bertanyarl Saranku ke halodoc aja kakk biar dpt racikan obst yg sesuaii
12/10/21 12.22;@bumituhann @aktivismarimas ya emang halodoc ini hahaha
12/10/21 12.11;@bertanyarl Mending konsul ke halodoc coba nder
12/10/21 12.05;@HalodocID selamat malam min. Mohon cek DM. terimakasih
12/10/21 11.36;@bluelunarshade Tau gitu mending ke halodoc aja. üôÇ
;@CaldutRabbit Aku di Doknyom alhamdulillaah lancar Mam
12/10/21 11.21;@dgipul Mutia memberikan rasa optimis pada hidup. Halodoc sebaliknya. Optimisme bisa menaikkan immun üòÇ
NA;RT @peacefulgreeny: tadi disuruh beli obat sm kk gue di halodoc
;"dah 2 minggu trakir ini merasa gak bisa ""berfungsi"" selayaknya manusia normal. "
12/10/21 10.55;@Askrlfess Mending halodoc apa alodokter?
NA;Kadang kangen masamasa gw harus minum obat tidur biar bisa tidur
kochengfess;@kochengfess coba chat drh halodoc dulu ka
 kon‚Ä¶ https://t.co/aNwhNzipJX;@suxmery cmiiw ya
12/10/21 10.40;@womanfeeds_id Halodoc
;Aku mau konsul penyakit kulit di Halodoc. Selain bisa konsul
NA;Aku mau konsul penyakit kulit di Halodoc. Selain bisa konsul
yourpetsfess;@yourpetsfess Langsung konsul ke halodoc
12/10/21 10.21;@womanfeeds_id aku kemarin pake halodoc
12/10/21 10.20;@oprahwinfurry @womanfeeds_id Kalo halodoc itu durasi waktunya brpa jam ka?
12/10/21 10.20;@yourpetsfess nder coba konsul halodoc yahhh cari drh yang lagi online. aku taunya bioplacenton tp gatau itu harus‚Ä¶ https://t.co/OzuXhrjOG1
12/10/21 10.17;@womanfeeds_id Halodoc aja
Unsoedfess1963;@Unsoedfess1963 di halodoc. kl butuh rekomendasi
0;baru aja di tlp yg mengatas namakan halodoc
;Halo
12/10/21 09.11;@sbyfess coba konsul ke halodoc dulu
12/10/21 09.07;jends kalo mau chat sama psikolog enaknya dari alodoc atau halodoc ya? atau ada saran lain?ü•∫
12/10/21 08.38;@putrianandas @HalodocID @taktekbum
12/10/21 08.37;Pas mau dibatalin malah gabisa. Tau 2 jam gini mah gausah pesen saya bisa nunggu meeting beres baru beli. Hadeh pay‚Ä¶ https://t.co/mXSfYlpscl
;Ternyata bukan hanya sekedar trend wkwk
12/10/21 08.31;Niatnya pake halodoc biar instant. Soalnya masih meeting dan gabisa keluar. Ini udah 2 jam masih dalam proses belom‚Ä¶ https://t.co/k3hdQR406Z
yogapradipto;@yogapradipto Gw si kemaren dari halodoc
dammahumlasief;@dammahumlasief @txtdrbekasi yu sal
12/10/21 08.01;@yogapradipto @txtdrbekasi Di mall basura ada mas via halodoc
12/10/21 07.54;082130003729 ini nomor yg katanya dari halodoc nawarin program gua bilang nanti aja. Nanti kapanpun sama aja bu üòí
;@irwank2k2 @pakne_sarah üòÖkrn omnya tawakkal.
12/10/21 07.51;Halodoc emang ada yang suka nelpon2 gitu ya ?
12/10/21 07.38;pets! kucing aku kepalanya ada benjolan keras gitu. awalnya cuma benjolan kecil dan udah tanya halodoc katanya gapa‚Ä¶ https://t.co/GiH8PXZU3L
;Bener ternyata :') 
ZOO_FESS;@ZOO_FESS Mending bawa ke vet nder
12/10/21 06.40;tp love bgt sumpadah sama alodokter dan halodoc. tiap artikelnya lumayan lengkap dan bahasanya ringan ga kaya buku‚Ä¶ https://t.co/BHU4utgVT5
12/10/21 06.19;https://t.co/EL0cedWGi1
12/10/21 06.19;@yourpetsfess Bisa sih dan ada dosisnya sesuai bb tp kemarin aku konsul ke halodoc dan ada kasus kcgnya gakuat sama‚Ä¶ https://t.co/oN3vwG7Z9I
12/10/21 06.17;Trying a counseling on Halodoc. 50k worth spent. https://t.co/1rKdB2jCEW
bertanyarl;@bertanyarl Konsul pake halodoc nder
yourmocca;@yourmocca ga ke dokter aja lau
12/10/21 05.49;@chitawin_ @1myourcrush @ohmybeautybank aku sering konsultasi selama pandemi ini ke halodoc tiap kali ada keluhan k‚Ä¶ https://t.co/ULRjlewoo4
12/10/21 05.42;#LokerPam - Halodoc https://t.co/4wZkuVoTg3
;@arvy_kaleandra untuk informasi selanjut nya bisa cek :
kochengfess;@kochengfess kasih rc gastro nder
12/10/21 04.41;@MEYEDlTH https://t.co/8dP0oWXmiG
12/10/21 04.15;@yourpetsfess iya tapi lebih baik konsul drh ato halodoc dulu ya buat dosisnya... pernah ada yang kirim menfess kay‚Ä¶ https://t.co/O3B4K5F5lo
yourpetsfess;@yourpetsfess ke vet dulu aja ndeer
12/10/21 03.32;@elpijiti halodoc bayar‚òπÔ∏è
convomf;@convomf Kurang tau nder kita bukan dokter
0;@tanyakanrl Seperti asam lambung
eonni_giri;@eonni_giri bayar sayang
12/10/21 03.15;@fionaapplejuice https://t.co/ChUKE5fqYB
12/10/21 03.13;@blxckhole_ bang konsul halodoc aja soal nya flu obat nya khusus )
Askrlfess;@Askrlfess Mungkin ngerasa takut dan hrus lebih aware kli ya nder
12/10/21 03.03;@Askrlfess Ke halodoc aja coba nder curhat ke psikolognya
;Yuk
12/10/21 02.59;@rayinkra Konsul ke halodoc aja dulu kali yes
12/10/21 02.45;alodokter dan halodoc itu sama ga sih
12/10/21 02.41;Beli antibiotik dr halodoc (tanpa konsul krn emg repurchase) lgsg di verif sm dokterny. Boljug
12/10/21 02.29;Sbenernya halodoc punya psikolog jelas ga sih
12/10/21 02.28;Kalau habis imunisasi pakai moderna muncul keluhan pengen check out barang di marketplace gejala apa yh4? @HalodocID
12/10/21 02.27;@kochengfess Coba konsul di halodoc nder
capekgksie;@capekgksie coba konsul online dulu aja nay
12/10/21 02.13;Ada yang bisa rekomendasi dokter yang enak buat konsul psikiater di halodoc gak? Lagi butuh bangetüôè
NA;halodoc mayan bantu bgt buat curhat
12/10/21 01.52;@1myourcrush @ohmybeautybank tergantung jenis jerawat nya apa dan apakah aktif sampai meradang parah atau gimana. m‚Ä¶ https://t.co/Xl6OS2gAdk
karirfess;@karirfess you‚Äôre not weak
yourpetsfess;@yourpetsfess Kitten belekan mah gausah disalepin
12/10/21 00.42;@kochengfess kalo udah dari kemarin lemesnya harusnya oertolongan oertama nya kemaren nder :( sekarang ke vet aja s‚Ä¶ https://t.co/rsub8VDtZz
0;@jogmfs Labklin kimia farma depan amplaz 85k via traveloka
11/10/21 23.27;@helaadeath HAHSHWHHE KEINGET HALODOC
;@Askrlfess Tanyain aja
vandalissme;@convomf yang paling penting kamu berdamai sama diri sendiri
11/10/21 18.19;4/5 uda nonton. Pantes hmmm *buka halodoc* https://t.co/aGVwZIkBeu
FALSE;@yourpetsfess Dulu mata kucing ku begini juga
11/10/21 17.44;@cellerin_ Online aj cel pk halodoc
11/10/21 17.23;@whtsAppbby Konsultasi aja langsung ke halodoc kak
11/10/21 16.44;RT @livjunkie: @cocochicow anyways mau share aja rekomendasi dapet di halodoc utk konseling psikolognya. Shes very sweet and gentle.. Dari‚Ä¶
;ada yang pernah konsul mental health di halodoc ga? 
p_29sh;tapi tapi tapi nonik masih muntah malah gamau makan minum
NA;Temen-temen
11/10/21 15.46;@wolfypoopy aku baca di beberapa twitter samaa artikel di halodoc emang kebanyakan yang after covid gtu pada rontok‚Ä¶ https://t.co/QW1PCYilcC
11/10/21 15.29;https://t.co/S40ChCKhhW
NA;RT @usernamecena: Ada yg pernah konsul di halodoc psikolog
NA;Ada yg pernah konsul di halodoc psikolog
0;@yourpetsfess Ke halodoc nderr
snprty;Nahan pengen nangis kenceng itu sakit luar biasa di dada
yourpetsfess;@yourpetsfess coba lap dulu pake air hangat secara berkala yaa
0;@ZOO_FESS aku ke halodoc waktu itu
NA;sebelum ada kecanggihan halodoc jg dari dulu motoran ke ugd puskesmas sendiri
11/10/21 14.38;@bertanyarl daripada cek di gugel mending konsul lewat halodoc gasii?
11/10/21 14.37;@ZOO_FESS Coba tanya¬≤ dulu nder ke halodoc (biayanya sekitaran 30kan). Semoga kittennya cepet sembuh ‚ù§Ô∏è‚ù§Ô∏è
dabelchisburger;@dabelchisburger @ZOO_FESS hooh betul
socolour_;@socolour_ Aku prnah kak
ZOO_FESS;@ZOO_FESS coba konsul sama halodoc dokter hewan ka
11/10/21 14.23;nakalakala halodoc https://t.co/JzJlY8Jt3V
0;@18fesss Kalo sakit wajar si
11/10/21 14.11;@menfesssyg Konsul ke halodoc aja atau ke dokter lgsg aja biar di ksh resep obat atau per salep2an
rizkacityx;@nurkholifahasy3 @bchsr_ Daftar lewat halodoc lebih enak sih ka
11/10/21 13.47;@bchsr_ Cek di halodoc
11/10/21 13.47;Halodoc bisa bosen liat aku cerita gak yaa
11/10/21 13.39;@sbyfess pernahnya halodoc tp msh mengganjal
11/10/21 13.33;@womanfeeds_id Aku pas gini dah hopeless lanngsung konsul dr.SPKK via halodoc. Dikasih salep sm obat. Lumayann bgt 3 bln dah jauh lbh baik
11/10/21 13.32;@funteasy Iya bel pernah terus gue paksa mingkem ü•≤ dan sekarang rada ngiluu inii huft kalo dulu kata dr di halodoc‚Ä¶ https://t.co/1lmMcFpK0w
Askrlfess;@Askrlfess Pada berbayar sih alodokter/halodoc gitu
11/10/21 13.14;@Askrlfess halodoc
11/10/21 13.13;@Askrlfess Halodoc tp berbayar
Askrlfess;@Askrlfess Halodoc
11/10/21 13.09;Halodoc ini gak bs nyari apotek yg deketan aja apa ya..kasian abang2 gojeknya.
11/10/21 13.05;Fak ini kuping kiri tinnitus makin menjadi bunyinya kenceng bet. Trus kek berdemyut nyut2an ealaubga sesakit tadi s‚Ä¶ https://t.co/LxGkHddF94
11/10/21 13.04;@saegitaerius ini aku drtd mau nyambungin gopy ke halodoc ga bisa2 gmn bayar antigennya wkwkw
11/10/21 13.01;@SJ_JB14 @ZOO_FESS ya tanya ke dokter lagi aja nder bisa via halodoc atau dibawa ke puskeswan
11/10/21 12.50;@minheewibu PENIPI HALODOC
druuwwwww;@druuwwwww malasih saran nya ka
chitaglorya;@chitaglorya ngehalu dulu aja yaa siapa tau dapet
11/10/21 12.34;@rkivessD Kaaakk kaloo udah masalah kulit gt ke dokter hewan aja kak tau download halodoc terus konsul bagian dokter hewan aku biasanya gt
11/10/21 12.27;@wanmeungji Padahal itu suhunya juga masih bisa dibilang normal. Bener bener kesel akutuh ya ampun. Ga habis pikirr‚Ä¶ https://t.co/aKcvHisFcI
lovusunoo;@lovusunoo Punya BPJS kah? Kalau punya coba ke klinik deket yang ada dentist nya. Atau pake aplikasi halodoc
11/10/21 12.18;konsul di halodoc ternyata cuma suruh tarik napas dalam2 ‚ò∫Ô∏èü§ó
NA;Ya ALLAH EMOSY BANGET AKU DIKABARIN ITONG PADAHAL SUHUNYA CUMAN 38
deisikseuflex;@deisikseuflex Faa kalo dirasa emang lg ngalamin sesuatu yg berat dan ganggu ke semuanya
11/10/21 12.06;@skzstayworld Aku konsul di halodoc
11/10/21 12.03;@bubblebobax arinn gws yaa! coba ke dokterr ajaa  atauu ke halodoc tanyaa tanya obatüíñ https://t.co/ZbsSzfw79L
0;@euisbeling13 Kakinya luka nyaii
yourpetsfess;@yourpetsfess hai kucing ku juga pernah kayak gini. setelah aku bawa ke vet
mainpopbangtan;@mainpopbangtan Oke deh aku coba chat ke halodoc dulu. Udah stress bgt
;@kochengfess bisa jadi cacingan 
11/10/21 11.31;@vinterwood semoga aja cocok dan cepet sembuh yaa. atau chat di halodoc juga bisa takut kucingnya kenapa napa nih s‚Ä¶ https://t.co/meTTi4hirP
yourpetsfess;@yourpetsfess Yaampun meng:'(( 
yourpetsfess;@yourpetsfess Ke vet nder atau konsul halodoc nanti diresep in obat tetes
11/10/21 11.22;@akittendust huaa kedokter gaada yg anterr:) chat halodoc gapapa kali yaa
ZOO_FESS;@ZOO_FESS Kasih vitamin. Buat dosisnya bisa tanya ke halodoc
yourpetsfess;@yourpetsfess kalo udh gamau makan gitu harus periksa nder
;Jadi
1;@yourpetsfess Di halodoc bisa konsul sama dokter hewan
yourpetsfess;@yourpetsfess konsul halodoc nser sekarang
11/10/21 10.58;ada yang pernah konsul di psikolog halodoc ga?
11/10/21 10.52;Pesen make halodoc ga dateng‚Äù mana di kenain tempat jauh ü•±
11/10/21 10.46;@ceyjii @teensybunny @ZOO_FESS iya bener konsul halodoc dulu ajaa
;Min @HalodocID ...
;Pesan ini ditunjukan untuk mereka yang berencana melepas lajang alias sudah menemukan jodohnya.
;@sannmon7 @andinavdys @beauthingy yg terpenting bukan tingginya angka SPF
NA;halodoc
11/10/21 10.01;@HalodocID Jawab min yg diatas
11/10/21 10.01;wkt itu lg pilek ngeluh jam 2 pagi ke cowo yg lg deket sm gue. tbtb ada gojek kerumah jam set3 pagi nganterin obat‚Ä¶ https://t.co/hJ3llhp4Ha
NA;Kaget tiba tiba ditelpon halodoc pdhl udah uninstal aplikasinya lamaa banget
workspacebylily;@workspacebylily @BPJSKesehatanRI @HalodocID Percuma juga sih kak
11/10/21 09.42;@jembermfs aku nyatetnya di halodoc wkwk
11/10/21 09.30;ga denger nyebutin hotel apa. aku kira dpt dataku dr traveloka soalnya kemarin penipunya ambil dataku dr halodoc üò≠
;Curhat di cepuin ‚ùå
11/10/21 09.00;@ryanzoey_ @fiyaini @ZOO_FESS kalo halodoc pembayaran nya pake apa ya?
0;@bangtanwithus @fiyaini @ZOO_FESS jangan percaya google kak
11/10/21 08.59;@yourpetsfess itu muntah makanannya apa bukan? kalo makanan bisa jadi karena kekenyangan atau makannya kecepetan. k‚Ä¶ https://t.co/mvmISH5dbl
yourpetsfess;@yourpetsfess Bawa ke vet/konsul halodoc
;GUYS AKU BUKA CALL CARE YAAA. certified help people kok.
0;@ZOO_FESS Kamu dom mana nder? Saranku dibawa ke puskeswan di daerahmu aja
;RT @bnnpkalsel: Hai #temanBNN üôÇ
11/10/21 08.45;@yourpetsfess Nderr pake halodoc disitu ada dokter hewan aku juga biasanya pake itu
11/10/21 08.36;@ZOO_FESS iya ke Halodoc aja nder coba dulu klihatannya kena virus nder
;oh salah guys ini alodokter @alodokter
11/10/21 08.31;@fallindeer_ @HalodocID waaa thank you! mau bacaa
;@sulkcheol @HalodocID coba baca ini
ZOO_FESS;@ZOO_FESS Bisa sih konsul ke halodoc
ZOO_FESS;@ZOO_FESS ke puskeswan dom mu aja nder
ZOO_FESS;@ZOO_FESS Tanya halodoc aja
11/10/21 08.20;haloo aku sender yang mf ini https://t.co/HSkZ4wFfw6 aku tadi udah chat ke vet terus kata nya sekitar gini ü•≤ aku bo‚Ä¶ https://t.co/dgbXJn9mXV
yourpetsfess;@yourpetsfess pagi-pagi dijemur
0;@ZOO_FESS Kalo ke vet takut mahal
0;@debykaa @BPJSKesehatanRI @HalodocID Udh paling baru kak
NA;RT @sulkcheol: Hello @HalodocID apakah ini nomor official halodoc? Barusan dpt call dari nomor ini jelasi halodoc
11/10/21 07.36;@berceurita @yaelacoy @tubirfess Kalo masih ragu bisa coba lewat halodoc/alodokter aja kak
11/10/21 07.08;@workspacebylily @BPJSKesehatanRI @HalodocID Coba kak di update dulu JKN nya
;aku emang sebelumnya bbrp kali pernah pake halodoc
NA;Hello @HalodocID apakah ini nomor official halodoc? Barusan dpt call dari nomor ini jelasi halodoc
11/10/21 06.42;@convomf pake halodoc aja
yourpetsfess;@yourpetsfess Lacto b buat diare. Maaf
debykaa;@debykaa @BPJSKesehatanRI @HalodocID Gabisa kak
;@sang_alang @jen_l4u @CumaDokter @ianmSC @EthicalSkeptic @sang_alang @jen_l4u 
0;@workspacebylily @BPJSKesehatanRI @HalodocID bisa kak
ZOO_FESS;@ZOO_FESS Tp klo udh lemes gt hrs dirawat ke vet karena rentan mati. Apalagi gejalanya kyk mengarah ke virus
11/10/21 05.03;ada yg pernah konsul di halodoc gaa? mau tanya2 dongg
yourpetsfess;@yourpetsfess ke vet aja langsung
;@jokowi Halo pak.
;Bukan karena sedang jatuh cinta
;@yourpetsfess bisa cacingan
11/10/21 04.29;@ZOO_FESS Kalo gak bisa ke vet bisa via halodoc kok
11/10/21 04.20;@HalodocID sistem pendaftaran vaksinnya dibenerin lagi brader. ini nenek nenek udah ngantri lama eh tau tau vaksinn‚Ä¶ https://t.co/USJvQP94wi
0;@lanicolecky Aku udah konsul sama Spesialis Penyakit Dalam di Halodoc
personarisu;@personarisu Pakai halodoc Cil untuk konsul pertama dulu ke psikolog nya
0;@bertanyarl bisa
11/10/21 03.51;tp kalo jam segini chat drh di halodoc bakal slowresp karena banyak yang ngechat ga ya hmmzzz
11/10/21 03.51;@debykaa @BPJSKesehatanRI @HalodocID *bisa?
0;@debykaa @BPJSKesehatanRI @HalodocID Mjb kak
11/10/21 03.23;males pake psikolog halodoc ujung2nya gitu doang
joon_micasaa;@joon_micasaa Pake halodoc aja
;@HalodocID min
11/10/21 02.39;@JPFBASE kamu butuh halodoc
1;@ummerebel @ZOO_FESS Aku pernah
11/10/21 02.27;@Fitriaksn @tirta_cipeng Mba klo ragu ke psikolog aja. Skrg bisa memulai tanpa hrs tatap muka.misalnya lwat halodoc‚Ä¶ https://t.co/qAGOiJqNSL
11/10/21 02.06;@kolg000reng Di send halodoc diapet?
FALSE;@jogmfs Nder
11/10/21 02.02;@halodoc save our life‚ù§Ô∏è https://t.co/n8I5JpjNpR
ZOO_FESS;@ZOO_FESS Gini
ZOO_FESS;@ZOO_FESS Aku nda tau nderr
yourpetsfess;@yourpetsfess pernah waktu konsul halodoc
sjohnnyct;@sjohnnyct stress tuh pemicu bukan alasan utamaa. lebih baik periksaa ke dokterr
andalasfess;@andalasfess Kamu sering ngerasa kek gitu
11/10/21 00.12;@bertanyarl Bisa pake BPJS gratis. Kalo online mulai dari 30k di halodoc
11/10/21 00.11;Sumber : https://t.co/EhASIaLMQ8
bertanyarl;@bertanyarl Kaki ku pernah dan kaki adek ku malahan sampe sekarang
bertanyarl;@bertanyarl Bisa nder
16;@bertanyarl Coba ke psikolog dlu nder
bertanyarl;@bertanyarl kelihatannya sih bisa nder pake bpjs
FALSE;@tahutiramisu Halo
bertanyarl;@bertanyarl Nder relax ya jgn panik
bertanyarl;@bertanyarl Bisa konsul halodoc dulu ga? Aduhhh
;Gila ya. Jaman bener bener berubah dan apa apa serba digital.
;https://t.co/H48Bn8rVfk
NA;RT @yangterhormatt: @milkituy @bertanyarl Mjb maaf kak
;@irfanavianto Setuju.
10/10/21 17.02;@sbyfess halodoc
10/10/21 16.50;@yourpetsfess salep ksh betadine dl sm ada obat pil methylprednisolone cuma takut beda di konsul aja ke halodoc kak‚Ä¶ https://t.co/lvczXTyIrm
yourpetsfess;@yourpetsfess kaki kucing aku jg gini nder ini 2 hari lalu br konsul halodoc
10/10/21 16.41;@wonwooily halodoc apa langsung rsj aja
10/10/21 16.38;curhat sama halodoc bukan berarti gapunya temen tp ga sepenuhnya percaya aja sama temen ü•≤ü•≤
10/10/21 16.38;Solusi tepat disaat putus dan gapunya temen curhat aliyas jgn lupa download halodoc gaiss akwkwkwk walaupun cuma di‚Ä¶ https://t.co/e7ZHpwRCYG
mengtasa;@mengtasa Coba konsul ke psikolog deh
10/10/21 16.19;eh please..... tolong telfonin halodoc buat gue sekarang juga..... yang tadi gaada apa - apanya sama yang ini...... https://t.co/FsztwhXR7R
0;aku masih mahasiswa
10/10/21 15.56;"@ZOO_FESS tanya drh halodoc dulu nderr ngerinya busa krn kenapa"" dan jangan pake obat""an aneh dulu kalo blm ada resep ya"
FALSE;@goalexabliss langsung igd aja kakk
Jngkkie11;Atau saran dokter di halodoc doong
;Serius tanya
nbl__;@nbl__ wew
tubirfess;@tubirfess Coba konsul ke psikolog nder. Kalo emg sampe mengganggu harimu ya konsultasi. Jgn khawatir biaya
10/10/21 14.56;@RongCiki Ouhh coba dulu aja tanya halodoc
;Halogaes
;Sumber refrensi:
10/10/21 14.30;Seminggu sekali konsul di halodoc üò¢
;@adcoleum Bukan. Halodoc juga aku ga terlalu suka
10/10/21 13.59;@AoyamaInuko @teacupmatcha https://t.co/mRyvSXJlmw
10/10/21 13.54;hrsnya halodoc ada shopeepay
10/10/21 13.54;@jonghosfoot buat apa halodoc kalau ada dokyeom https://t.co/uKjTKkfbqZ
10/10/21 13.27;anjir pake halodoc atau langsung ke vet ya tp kalo ke vet gada yang nganter dan lumayan jauh :/
10/10/21 13.23;@bertanyarl @HalodocID
SAKAreppmuuuuu;@SAKAreppmuuuuu Mi onok halodoc
2;@gxgacc kalo nanya buat nambah ilmu
10/10/21 12.54;halodoc penyelamat qü•∫ malem2 sariawan di kiri sm kanan gusi sakit bgtüò≠ mo makan aja susahh huaa
10/10/21 12.37;@kochengfess Ke dokter/konsul halodoc
;@lizeyan131 ke dokter kandungan
convomf;@convomf halodoc
10/10/21 12.01;halodoc bisa nyampe seoul gak sih u hu hu https://t.co/lNDeA3ohHq
10/10/21 11.46;dah ada yg pernah pake app halodoc? mo tanya2 nihhh
;@yourpetsfess Gausah sih menurutku
10/10/21 11.18;@unrealisticnips 30k? Anjing. Ane coba dulu dah ke halodoc. Thanks btw
;Buka buka riwayat chat halodoc
0;@ECukup @e100ss Akeh
10/10/21 10.24;@ontynyagabi @Annisapricilias gue halodoc wallet
10/10/21 09.41;Sc halodoc
10/10/21 09.29;@duruavalrose Masih ada halodoc dan sejenisnya kak üôÉüôÉ
yourpetsfess;@yourpetsfess Ampuh
10/10/21 09.03;@Foxgloveze @yourpetsfess Kak ada drh langganan di halodoc?
10/10/21 09.02;@yourpetsfess aku dari halodoc trusted banget
10/10/21 09.01;pets! klo pke obat mata yg diresepin dri konsul di halodoc gmn? trusted ngga?
beaqns;@beaqns mau konsul virtual dulu
10/10/21 08.32;@HalodocID min tiap mau checkout pasti keluar kaya gini padahal udah diulang berulang kali ini knp ya? https://t.co/XfANmS43et
jjaesha_;@jjaesha_ halodoc
10/10/21 07.53;Sekarangg alhamdulillah aku udah baik-baik ajaa...udah gak pernah kambuh. Mariiii kitaa selalu bahagia untuk setiap‚Ä¶ https://t.co/N457uTWGRt
10/10/21 07.52;psikolog di halodoc cantik2 bgt
0;Berobat kesana kemari ke Rumah Sakit
10/10/21 07.40;Karna keadaanya semuapun lagi dalam keadaan berkabung juga akhirnya memutuskan yaudah di pendem aja isi kepala nya.‚Ä¶ https://t.co/FdMpudyYbN
10/10/21 07.33;Lebih baik memilih halodoc dibanding halodear
;permisi
10/10/21 07.14;@mvaditama @wiwideeee Kalo yang ini salhh nihg.. harus ke Halodoc
10/10/21 07.08;@yourpetsfess Jangan.. kalo udh lahiran aja setauku. Coba konsul lewat halodoc
kochengfess;@kochengfess Butuh waktu 10hari an
10/10/21 06.07;@firawdrnd @cheermeplease @kochengfess Padahal halodoc juga ada lho buat konsul setidaknya biar tau itu tanda gejal‚Ä¶ https://t.co/dIfnjSXvVU
0;@Muhammad_Yanaa Pake aplikasi alodok
;Untuk kelanjutannya
10/10/21 05.40;@moonbtrfly_ @kochengfess Waa kurang tau deh aku kalo gitu. Coba ke vet/konsul halodoc aja nderr. Semoga matanya cepet sembuh ya mengggü•∫
10/10/21 05.32;@dlwrfp @milkituy @bertanyarl Waktu itu aku gratis cumaa disuruh verivikasi no hp aja kak disini https://t.co/RaJC9mTPa4
10/10/21 05.31;@yjhees @milkituy @bertanyarl Wktu itu aku coba gratis cuma disuruh verivikasi no hp aja disini https://t.co/RaJC9mTPa4
10/10/21 05.30;@aboutmyung @milkituy @bertanyarl https://t.co/RaJC9mTPa4 ini link nya
NA;Terpaksa ke dokter karena jempol sakit
10/10/21 05.13;@Erwinsajaaaa @paniiiiiiw @HalodocID Harus bertanggung jawab lah!!!!
10/10/21 05.12;@owboiwmeiwsug @paniiiiiiw @HalodocID Jangan di aduin ke dokter juga ga bakal diobatin
10/10/21 05.07;@convomf Sampai saat ini masi trauma jg ko nder. Aku minta bantuin psikolog sampe 2-3 kali gitu pake halodoc dan mi‚Ä¶ https://t.co/A81QWZEnCS
milkituy;@milkituy @bertanyarl Mjb maaf kak
10/10/21 04.26;balik2 langsung beli obat ke halodoc manteeepp https://t.co/hnys5oCKRa
10/10/21 04.08;@yourpetsfess konsul halodoc nder
10/10/21 03.59;Pagi-pagi udah chat-an sama Halodoc. Dasar anak muda jaman sekarang https://t.co/UBz4WumbRR
10/10/21 03.40;@paniiiiiiw @HalodocID tolong dia dia tersakiti oleh dokter
10/10/21 03.35;Hasil screening halodoc aküôÇüëçüèª https://t.co/RbFW7X8c9j
;Referensi:
10/10/21 02.54;kode otp halodoc emg lama gt yak??
NA;bener bener yo
yourpetsfess;@yourpetsfess bisa jadi gak cocok makanannya terus dia diare
10/10/21 02.39;@yourpetsfess Chat halodoc nder
10/10/21 02.28;Mau bawa ke vet nanggung krn tgl 16 dia check up bulanan + obat cacing (tapi udah lagi dalam penanganan obat drh ha‚Ä¶ https://t.co/P9cu2Qhf1h
TXTdariHunter;@TXTdariHunter Selamat nder
10/10/21 01.53;asam urat halodoc
FALSE;@kiminseonh Biasaaa asam lambungg
yourpetsfess;@yourpetsfess Ungunya kok kaya lebam ya üòï cari aman mending ke vet nder
10/10/21 00.44;@yourpetsfess Konsul ke halodoc
NA;Pengen beli obat
0;@twivrl oalaahh
09/10/21 23.58;@kitabxom Catatan psikolog tentang konselingku di Halodoc
;Hai #temanBNN üôÇ
Kyugikyu;@funteasy Eh iya bener2 lama2 terus ilang bel
NA;RT @HalodocID: Wah
09/10/21 19.36;Beruntung ada halodoc. Seenggaknya tenang dikit karena gak emergency yg harus ditanganin segera. Masih bisa besok p‚Ä¶ https://t.co/fuc9HNAJnl
1;Jam 23.30 bangun sakit perut
munfess;@munfess Di halodoc! Cuma 5Ok dan biasanya ada potongan
09/10/21 17.48;@munfess halodoc/?
09/10/21 17.47;@munfess Coba halodoc aja nder
09/10/21 17.26;Ada yg pernah konsul psikolog online ga? mending halodoc atau alodoc ya?
monohoshhh;@monohoshhh @ZOO_FESS Pake halodoc aja
09/10/21 17.01;Konsul psikolog mending halodoc atau alodoc ya?
09/10/21 16.48;@bertanyarl Itu kek kutu air. Wkt itu ak pernah hampir sama kek gitu super gatel. Trs konsul di halodoc diresepin s‚Ä¶ https://t.co/TIysDsIzOQ
FALSE;@amertakala di toko obat gitu lan. apotek
 eh salah nentuin lokasi map rum‚Ä¶ https://t.co/fd0yPOJEbf;malemnya
stlwthbgtn;@stlwthbgtn @desalander @nrmjtn @ayangayangkuh @akularonn @Aphostrophe31 @namasayalaut wah kurang tau ak kak
09/10/21 15.30;@almxondie heh gaboleh gitu! halodoc ajaa
;@Askrlfess Konsul online lewat halodoc.
0;@Askrlfess atur napas sama lakuin butterfly hug coba nder
09/10/21 13.57;"ü§ç aku abis ngobrol sm psikolog di halodoc trus aku disuruh buat rujuk ke psikolog offline &amp; tatap muka katanya aku‚Ä¶ https://t.co/SNyxg6TJrD"
09/10/21 13.36;@convomf LUPA CUY sblm tanya ke emak gw itu gw sempet pake Halodoc dan dikasi obat beneran banyak banget asli 5 oba‚Ä¶ https://t.co/h0cE0LwZFp
0;@ZOO_FESS Kalau udah terinfeksi diulang 2 minggu kemudian
09/10/21 13.27;Sakit dikit chat halodoc. :))
FALSE;@ALTERGXG kalo gatelnya dr dalem butuh obat berarti
ZOO_FESS;@ZOO_FESS Aku dulu ke vet nder terus dikasih obat tetes
HalodocID;@HalodocID sudah di dm ya
darderdordhuar;Dalam pikiran w ya kalo w butuh w bakal chat aja dokternya
aafragl;@aafragl @ZOO_FESS Kemarin aku konsul halodoc disuruh kasih ini
09/10/21 11.58;Terimakasih halodoc bisa tau kondisi saya tiap hari. https://t.co/F6HRpXoqVd
09/10/21 11.37;Oh ya kan lp mau top up gopay‚òπÔ∏è buat konsult ke halodoc si klo ku phm hwa udh max ni pikiran nya hahahaha
0;@PLindungi malam kak! Mau tanya
09/10/21 10.54;@ZOO_FESS Konsul halodoc
ZOO_FESS;@ZOO_FESS Petshop ada nder? Kasih rc pediatric/recovery coba
Nesslovelies;@Nesslovelies Yes. Kalo belum sempet ke dokter
yourpetsfess;@yourpetsfess Rajin jemur + ke vet/puskeswan atau paling nggak
09/10/21 10.18;pengen konsul halodoc tapi ntar kalo disuruh cerita apa yang tak ceritain hei üò≠
al_fianna;@al_fianna Nah ini aku nyoba emina ms pimple
09/10/21 10.12;@vkooscenery Punya aplikasi halodoc? Coba tanya situ kenapa bisa sesek habis vaksin
09/10/21 10.03;[askrl] halodoc bisa pake bpjs?? Ada yg tau caranya gimana??
09/10/21 10.02;halodoc bisa pake bpjs ya?? Caranya gimana
09/10/21 09.57;@cuddlyby Mjb nder halodoc pake bpjs.giman caranya?
09/10/21 09.56;@sbyfess Iyah sayang..bisa jd trauma. Konsul ae nggo halodoc kalau dirasa awakmu wes kayak sumpek banget. Nek awakm‚Ä¶ https://t.co/3HvwAaeEV0
explystrry;@explystrry @AREAJULID Jadi
09/10/21 09.09;@AkiraCand Lahh nganti muntah kak? Waduhh tanya halodoc
sunflower_182_;@sunflower_182_ Aku juga gini apalagi kalau abis berinteraksi sama orang
NA;sore @HalodocID mau tanya status seperti ini untuk jadwal vaksin besok
aimedetous;@aimedetous @munnycahyani @yourpetsfess betul. kemarin aku udh konsul di halodoc juga gapapa
09/10/21 08.16;@Pumkiynnne halodoc
09/10/21 08.11;@behumblebooyy @bdngfess Aku baca dari halodoc sama alodokter si
09/10/21 07.44;@rlgxg Karena aku gatau jd kusarankan ke dokter deh? Minimal halodoc
09/10/21 07.44;@icedcaffemisto kalo malu beli mah manfaatin fitur halodoc. nanti di anter ojol wkwkwkwk yakan?
09/10/21 07.43;@bubbleunhae Menurutku cukup efektif sih. Kamu bayar kan terus ntar konsul chat sama dokternya. Ada pilihan doktern‚Ä¶ https://t.co/YBhd1yECFA
09/10/21 07.42;Lowongan Kerja Halodoc Tahun 2021 https://t.co/PV6MHKUvBn https://t.co/wPqCcsAaRJ
;@dimas_cs Pernah di tlp dri halodoc terus nanyain sampe no. Rek katanya dapat voucher apa undiane gitu
09/10/21 07.33;Ada yang pernah konsul di halodoc'kah kawan tlku? I'd like to ask you something
ssefnum;@ssefnum Halodoc
14/10/21 14.37;RT @RistyRianda: Halodoc beli obat tidur dalam bentuk pelukan dong
14/10/21 14.07;RT @RistyRianda: Halodoc beli obat tidur dalam bentuk pelukan dong
;RT @hyggedey: Konsultasi online:
;RT @hyggedey: Konsultasi online:
;RT @hyggedey: Konsultasi online:
;RT @hyggedey: Konsultasi online:
#NAME?;
;RT @PsikologID: Siapa nih yang rutin donor darah?.
;RT @PsikologID: Siapa nih yang rutin donor darah?.
;RT @PsikologID: Siapa nih yang rutin donor darah?.
;RT @PsikologID: Siapa nih yang rutin donor darah?.
;RT @PsikologID: Siapa nih yang rutin donor darah?.
;RT @afrkml: Di tengah kesibukan kita
NA;RT @DedySoelistijan: Pasangan Mengidap Bipolar
;RT @hyggedey: Konsultasi online:
;Halo
;RT @afrkml: Di tengah kesibukan kita